grid_size,initial_density,initial_complexity,initial_energy,r_mean,r_noise,env_sigma,birth_energy_threshold,p_down,gamma,beta,p_up,r,final_alive_ratio,final_c_mean,final_pc_serial,final_pc_env,collapse_detected,max_c_mean,min_alive_ratio,pc_serial_correlation,pc_env_correlation,c_p_correlation
50,0.3,1,5.0,1.0,0.2,0.05,3.0,0.03,1.2,0.3,0.03,0.95,0.9852,1.0913520097442144,1.0025830114052745,1.071943586153928,False,1.0974817221770918,0.5488,0.18444566026306408,0.1354108920257119,-0.9999871476364507
50,0.3,1,5.0,1.0,0.2,0.05,3.0,0.03,1.2,0.3,0.03,0.98,0.9928,1.0604351329572925,1.0259582440311228,1.041810364424235,False,1.0973843058350101,0.568,0.23826406367078554,0.1785404352886644,-0.9999986453742266
50,0.3,1,5.0,1.0,0.2,0.05,3.0,0.03,1.2,0.3,0.03,0.99,0.994,1.0672032193158953,1.0497550044829238,1.0484080647160838,False,1.103448275862069,0.5788,0.11726688868321584,0.09141715130874874,-0.9999997636350116
50,0.3,1,5.0,1.0,0.2,0.05,3.0,0.03,1.2,0.3,0.03,0.995,0.9964,1.0505820955439582,1.0420317585138477,1.0322042084450618,False,1.0751909931644552,0.5796,0.5314700890373003,0.34120235277811817,-0.999999920260935
50,0.3,1,5.0,1.0,0.2,0.05,3.0,0.03,1.2,0.3,0.05,0.95,0.988,1.1178137651821862,1.0260696132695988,1.0977237819830756,False,1.1530984204131227,0.5512,0.36213574517210395,0.2819916899242623,-0.999987667281171
50,0.3,1,5.0,1.0,0.2,0.05,3.0,0.03,1.2,0.3,0.05,0.98,0.9944,1.1206757843925985,1.0834534609700432,1.1005114872978075,False,1.146537842190016,0.562,0.3038451629628121,0.22880499210489622,-0.9999979046223166
50,0.3,1,5.0,1.0,0.2,0.05,3.0,0.03,1.2,0.3,0.05,0.99,0.994,1.1046277665995976,1.0863232471974629,1.0848786558157937,False,1.13970293054998,0.5792,0.15446188667465546,0.12838528592510803,-0.9999996499594526
50,0.3,1,5.0,1.0,0.2,0.05,3.0,0.03,1.2,0.3,0.05,0.995,0.9964,1.0855078281814532,1.0765603129310428,1.0662485830923043,False,1.1352870333199518,0.5836,0.5539963829201895,0.42110471306725145,-0.9999998930025823
50,0.3,1,5.0,1.0,0.2,0.05,3.0,0.03,1.2,0.3,0.08,0.95,0.9884,1.1845406717927964,1.0851180519028092,1.1626876936503787,False,1.2363194162950952,0.5316,0.3577770402708714,0.2961143685317463,-0.9999845214378097
50,0.3,1,5.0,1.0,0.2,0.05,3.0,0.03,1.2,0.3,0.08,0.98,0.9904,1.199919224555735,1.1589591082622928,1.1776509232256178,False,1.2455645161290323,0.566,0.3808852540007214,0.34345932760667724,-0.9999985684856836
50,0.3,1,5.0,1.0,0.2,0.05,3.0,0.03,1.2,0.3,0.08,0.99,0.9968,1.2014446227929374,1.180848343792534,1.179134941659116,False,1.2389558232931728,0.5832,0.8136082734899965,0.7318800642103992,-0.9999997541962712
50,0.3,1,5.0,1.0,0.2,0.05,3.0,0.03,1.2,0.3,0.08,0.995,0.9976,1.1948676824378508,1.1846296437686559,1.1727361784085741,False,1.209891435464415,0.5804,0.7151845947679878,0.6391054602550126,-0.9999998931237414
50,0.3,1,5.0,1.0,0.2,0.05,3.0,0.03,1.2,0.3,0.1,0.95,0.9868,1.227401702472639,1.1229242015056224,1.2043827901734352,False,1.2923763179237633,0.5404,0.12051250211595349,0.10620238352040354,-0.9999876414017682
50,0.3,1,5.0,1.0,0.2,0.05,3.0,0.03,1.2,0.3,0.1,0.98,0.9932,1.2368103101087393,1.1940579922226413,1.213531951082572,False,1.3015297906602254,0.568,0.2116587175530559,0.19192116611501303,-0.9999980766567141
50,0.3,1,5.0,1.0,0.2,0.05,3.0,0.03,1.2,0.3,0.1,0.99,0.9976,1.1804330392943063,1.160343696268875,1.1586904236609068,False,1.2833601286173633,0.5784,0.37376932858469586,0.3392526005106043,-0.9999995658856933
50,0.3,1,5.0,1.0,0.2,0.05,3.0,0.03,1.2,0.3,0.1,0.995,0.9976,1.2590216519647153,1.2479934588629602,1.2351257957093116,False,1.3009240658899157,0.584,0.7529592131301815,0.6875471973401798,-0.999999954738149
50,0.3,1,5.0,1.0,0.2,0.05,3.0,0.03,1.2,0.5,0.03,0.95,0.9852,1.0548112058465287,0.9700883195268509,1.0310371411333255,False,1.0864799025578562,0.5404,0.17367694061670144,0.08667409031607443,-0.9999926866736359
50,0.3,1,5.0,1.0,0.2,0.05,3.0,0.03,1.2,0.5,0.03,0.98,0.9916,1.0625252117789432,1.0279542843523783,1.0384798525650032,False,1.081255028157683,0.5636,0.0014786684812511783,0.005833402027850153,-0.9999990264263868
50,0.3,1,5.0,1.0,0.2,0.05,3.0,0.03,1.2,0.5,0.03,0.99,0.9944,1.0543041029766693,1.0371472844432887,1.0305478230485745,False,1.0692710430930326,0.5748,0.2720540672082711,0.11015154796639019,-0.9999997146199429
50,0.3,1,5.0,1.0,0.2,0.05,3.0,0.03,1.2,0.5,0.03,0.995,0.9956,1.0453997589393331,1.03690774591452,1.0219547702525282,False,1.0754716981132075,0.5748,0.44050282151227765,0.1716911838671332,-0.9999999347425369
50,0.3,1,5.0,1.0,0.2,0.05,3.0,0.03,1.2,0.5,0.05,0.95,0.9852,1.1234267153877386,1.0310489394869367,1.0971898324026228,False,1.133739837398374,0.5384,-0.009859660409252588,-0.0013797259545293456,-0.9999886131626634
50,0.3,1,5.0,1.0,0.2,0.05,3.0,0.03,1.2,0.5,0.05,0.98,0.9916,1.0935861234368698,1.057608214704532,1.0684340638113023,False,1.1319080274304154,0.5644,0.5139489436324424,0.2868033634076308,-0.9999986121734736
50,0.3,1,5.0,1.0,0.2,0.05,3.0,0.03,1.2,0.5,0.05,0.99,0.9956,1.0791482523101648,1.0614285112644553,1.0545134670229412,False,1.127906976744186,0.5768,0.35073637790995965,0.1844876513434998,-0.9999996005809954
50,0.3,1,5.0,1.0,0.2,0.05,3.0,0.03,1.2,0.5,0.05,0.995,0.9984,1.0925480769230769,1.0835196404023373,1.067433373363484,False,1.1160354552780016,0.5784,-0.11006546896574153,-0.052570333746854866,-0.9999999330690322
50,0.3,1,5.0,1.0,0.2,0.05,3.0,0.03,1.2,0.5,0.08,0.95,0.9824,1.1689739413680782,1.0713692141780295,1.1410404198954551,False,1.2260162601626017,0.5476,0.33040074714522494,0.20690925696590756,-0.9999853295813685
50,0.3,1,5.0,1.0,0.2,0.05,3.0,0.03,1.2,0.5,0.08,0.98,0.9908,1.1655228098506258,1.12620211570375,1.1377195703084932,False,1.2005661140315407,0.5636,0.2808914231785075,0.17716708105566123,-0.9999979177749637
50,0.3,1,5.0,1.0,0.2,0.05,3.0,0.03,1.2,0.5,0.08,0.99,0.9952,1.1262057877813505,1.1073999662238667,1.0998667969418559,False,1.1938980329185067,0.5688,0.2788652887777041,0.18172478916417154,-0.9999995470050715
50,0.3,1,5.0,1.0,0.2,0.05,3.0,0.03,1.2,0.5,0.08,0.995,0.9968,1.1203852327447834,1.111033889303167,1.0942598885741814,False,1.185363892239646,0.5804,0.44926095552736334,0.29038069272957473,-0.9999998951018731
50,0.3,1,5.0,1.0,0.2,0.05,3.0,0.03,1.2,0.5,0.1,0.95,0.984,1.2329268292682927,1.1277871971107234,1.20252781279313,False,1.2745336577453366,0.5332,0.1670685962489012,0.11058003950315239,-0.9999797911889621
50,0.3,1,5.0,1.0,0.2,0.05,3.0,0.03,1.2,0.5,0.1,0.98,0.9924,1.215235792019347,1.1735357612034707,1.1855285244609437,False,1.282897384305835,0.5628,0.6176957260752096,0.46577279212463596,-0.9999985987367846
50,0.3,1,5.0,1.0,0.2,0.05,3.0,0.03,1.2,0.5,0.1,0.99,0.9948,1.1708886208283071,1.1510274278104968,1.142882697127963,False,1.2364512244078683,0.5712,0.2105831367202387,0.14462009480002208,-0.9999995483465034
50,0.3,1,5.0,1.0,0.2,0.05,3.0,0.03,1.2,0.5,0.1,0.995,0.996,1.1730923694779116,1.1631169521442717,1.145003004718724,False,1.243656866693516,0.5812,0.3875614428071827,0.28844806175099513,-0.999999916932981
50,0.3,1,5.0,1.0,0.2,0.05,3.0,0.03,1.2,0.7,0.03,0.95,0.9888,1.0651294498381878,0.9792709510637319,1.0355977934245593,False,1.100451004510045,0.5344,-0.36443150430515014,-0.11568866552493373,-0.9999949636648403
50,0.3,1,5.0,1.0,0.2,0.05,3.0,0.03,1.2,0.7,0.03,0.98,0.9924,1.049173720274083,1.015200314020601,1.0203630431953348,False,1.075,0.5468,0.4821520282045663,0.15417393273200822,-0.9999984006138588
50,0.3,1,5.0,1.0,0.2,0.05,3.0,0.03,1.2,0.7,0.03,0.99,0.9936,1.0462962962962963,1.029319328591323,1.0176147373255484,False,1.0657051282051282,0.5776,0.4144755785539307,0.11074792105336351,-0.9999994983663986
50,0.3,1,5.0,1.0,0.2,0.05,3.0,0.03,1.2,0.7,0.03,0.995,0.994,1.0309859154929577,1.0226552403941165,1.0029867422082022,False,1.0608870967741935,0.5768,0.1901059022276684,0.059073045199544955,-0.9999999116501586
50,0.3,1,5.0,1.0,0.2,0.05,3.0,0.03,1.2,0.7,0.05,0.95,0.9864,1.083941605839416,0.9959981262443172,1.0535490140882948,False,1.1355311355311355,0.53,-0.0875228010111617,-0.030341773972664802,-0.9999916177998688
50,0.3,1,5.0,1.0,0.2,0.05,3.0,0.03,1.2,0.7,0.05,0.98,0.9928,1.0838033843674455,1.0482708150840776,1.0534171612553915,False,1.1124546553808947,0.5492,0.03256649926004967,0.017564655369211393,-0.9999973283660888
50,0.3,1,5.0,1.0,0.2,0.05,3.0,0.03,1.2,0.7,0.05,0.99,0.9916,1.064138765631303,1.0467599304532962,1.0346521212345963,False,1.103420523138833,0.5636,-0.018198891431501534,-0.000200012299063929,-0.9999995592608247
50,0.3,1,5.0,1.0,0.2,0.05,3.0,0.03,1.2,0.7,0.05,0.995,0.9956,1.0787464845319406,1.0698764332005355,1.0485928239748243,False,1.09312728751525,0.5704,0.26144888976633646,0.08854394633075273,-0.9999999280771844
50,0.3,1,5.0,1.0,0.2,0.05,3.0,0.03,1.2,0.7,0.08,0.95,0.9856,1.125405844155844,1.0327985119316663,1.0930740545129511,False,1.206601466992665,0.5332,0.17769944963997902,0.08892342641668156,-0.9999875939345102
50,0.3,1,5.0,1.0,0.2,0.05,3.0,0.03,1.2,0.7,0.08,0.98,0.9924,1.147118097541314,1.1086641368534271,1.1137480421744277,False,1.178225806451613,0.5584,0.3174906101335415,0.14834030059274547,-0.9999980353820558
50,0.3,1,5.0,1.0,0.2,0.05,3.0,0.03,1.2,0.7,0.08,0.99,0.9928,1.1180499597099114,1.099434323108854,1.0860663652157245,False,1.1835341365461847,0.5728,0.4027435171293258,0.1977782859250319,-0.9999996020767233
50,0.3,1,5.0,1.0,0.2,0.05,3.0,0.03,1.2,0.7,0.08,0.995,0.9952,1.120176848874598,1.1108279362030575,1.0880927619054896,False,1.170024174053183,0.5744,0.3201581015169526,0.16629212984411715,-0.9999998955281723
50,0.3,1,5.0,1.0,0.2,0.05,3.0,0.03,1.2,0.7,0.1,0.95,0.984,1.1735772357723577,1.0754320739648022,1.1389207103069305,False,1.2494920763917108,0.538,0.4180527916906234,0.20610400241073512,-0.9999750809236593
50,0.3,1,5.0,1.0,0.2,0.05,3.0,0.03,1.2,0.7,0.1,0.98,0.9932,1.1812323801852598,1.1411656926134974,1.1461993077909383,False,1.256234915526951,0.5604,0.46634109201734925,0.25858652162518314,-0.9999981204231826
50,0.3,1,5.0,1.0,0.2,0.05,3.0,0.03,1.2,0.7,0.1,0.99,0.9964,1.167402649538338,1.1476245457511913,1.133048423098395,False,1.2035398230088497,0.5644,0.41772398251105464,0.20684278111721974,-0.9999992747593722
50,0.3,1,5.0,1.0,0.2,0.05,3.0,0.03,1.2,0.7,0.1,0.995,0.9976,1.1551724137931034,1.1454110341449524,1.1214132163938013,False,1.1871980676328502,0.5748,0.5049600083392352,0.2282292785709741,-0.999999795547624
50,0.3,1,5.0,1.0,0.2,0.05,3.0,0.03,1.2,1.0,0.03,0.95,0.9832,1.0475996745321399,0.963665146321718,1.0110322287426865,False,1.078679168365267,0.528,0.043604913244685566,0.013564437188761491,-0.999990128979012
50,0.3,1,5.0,1.0,0.2,0.05,3.0,0.03,1.2,1.0,0.03,0.98,0.9916,1.0342880193626462,1.0009762275357679,0.9985125557452058,False,1.0671249494541044,0.5476,0.25069822661673524,0.059945140677301015,-0.9999992514581474
50,0.3,1,5.0,1.0,0.2,0.05,3.0,0.03,1.2,1.0,0.03,0.99,0.994,1.0398390342052315,1.0230065348709623,1.0037343349541143,False,1.0598605986059861,0.5624,0.33174979214115485,0.05960721476151515,-0.9999996450488439
50,0.3,1,5.0,1.0,0.2,0.05,3.0,0.03,1.2,1.0,0.03,0.995,0.9956,1.0373644033748493,1.028962480289759,1.0014066576736378,False,1.0565583634175693,0.572,0.12489580337296244,0.03125106671058997,-0.9999999498390932
50,0.3,1,5.0,1.0,0.2,0.05,3.0,0.03,1.2,1.0,0.05,0.95,0.9808,1.0848287112561175,0.9967860303136166,1.046001575998343,False,1.1137945149406467,0.5268,-0.1205554478136387,-0.023704682406184154,-0.9999873405772942
50,0.3,1,5.0,1.0,0.2,0.05,3.0,0.03,1.2,1.0,0.05,0.98,0.9896,1.0719482619240097,1.0369528497990053,1.0339103869335018,False,1.1021721641190667,0.5608,0.1659254669858515,0.0431320139147286,-0.9999983366177095
50,0.3,1,5.0,1.0,0.2,0.05,3.0,0.03,1.2,1.0,0.05,0.99,0.9936,1.070048309178744,1.052535659526477,1.0321261877450372,False,1.100162206001622,0.564,0.08936882263054086,0.026896510782879583,-0.9999995560517899
50,0.3,1,5.0,1.0,0.2,0.05,3.0,0.03,1.2,1.0,0.05,0.995,0.9948,1.0719742661841576,1.063181526411594,1.0339348057079756,False,1.0939895118999596,0.5708,0.2106204987975457,0.05345618614574214,-0.9999999151077851
50,0.3,1,5.0,1.0,0.2,0.05,3.0,0.03,1.2,1.0,0.08,0.95,0.9824,1.138843648208469,1.0447068331432492,1.0966207978540456,False,1.1868666396432914,0.53,0.24522417231565027,0.07784264993243128,-0.9999804891776357
50,0.3,1,5.0,1.0,0.2,0.05,3.0,0.03,1.2,1.0,0.08,0.98,0.994,1.1191146881287726,1.0819641523007395,1.0781482045486972,False,1.1648572577402494,0.5572,0.27012893534327265,0.08745680017937876,-0.999997949144822
50,0.3,1,5.0,1.0,0.2,0.05,3.0,0.03,1.2,1.0,0.08,0.99,0.9932,1.1111558598469593,1.0927003465759209,1.0706909662234239,False,1.1511817440912795,0.57,0.32032273371317604,0.09962200702690731,-0.9999995814406673
50,0.3,1,5.0,1.0,0.2,0.05,3.0,0.03,1.2,1.0,0.08,0.995,0.9944,1.1158487530168946,1.1065503254841609,1.0750884631425301,False,1.1455645161290322,0.5684,0.6103561609060434,0.2203953271447891,-0.9999999430660936
50,0.3,1,5.0,1.0,0.2,0.05,3.0,0.03,1.2,1.0,0.1,0.95,0.9852,1.18838814453918,1.0885117127577322,1.1429286376995982,False,1.2312091503267975,0.5284,0.3963441572112801,0.13924192249244505,-0.9999875462496772
50,0.3,1,5.0,1.0,0.2,0.05,3.0,0.03,1.2,1.0,0.1,0.98,0.9932,1.1461941200161097,1.1077834210743522,1.1034984495169715,False,1.2088709677419356,0.5496,0.24244951955395816,0.08908163663457627,-0.9999976689562581
50,0.3,1,5.0,1.0,0.2,0.05,3.0,0.03,1.2,1.0,0.1,0.99,0.9952,1.1519292604501608,1.1325188399928805,1.1088628920182577,False,1.1837144003208986,0.5732,0.29834361303471846,0.10022588494853066,-0.9999994097776237
50,0.3,1,5.0,1.0,0.2,0.05,3.0,0.03,1.2,1.0,0.1,0.995,0.9948,1.1334941696823482,1.1239891186426367,1.091613810115021,False,1.1795185638514891,0.5744,0.2096432522067556,0.06431508166300404,-0.9999998505247368
50,0.3,1,5.0,1.0,0.2,0.05,3.0,0.03,1.5,0.3,0.03,0.95,0.9868,1.0729631130928252,0.9862381222844194,1.054022438934358,False,1.088643790849673,0.5452,0.004922332766262404,0.00786292512018284,-0.9999960411966102
50,0.3,1,5.0,1.0,0.2,0.05,3.0,0.03,1.5,0.3,0.03,0.98,0.9932,1.080547724526782,1.045163051641813,1.0614147087559287,False,1.080547724526782,0.5664,0.47470660663501046,0.28425903548632653,-0.9999990989396024
50,0.3,1,5.0,1.0,0.2,0.05,3.0,0.03,1.5,0.3,0.03,0.99,0.9964,1.0537936571657969,1.0366482821823562,1.0353354520916918,False,1.0943775100401607,0.576,0.12882983259826863,0.09792205482078052,-0.9999999255041047
50,0.3,1,5.0,1.0,0.2,0.05,3.0,0.03,1.5,0.3,0.03,0.995,0.994,1.056338028169014,1.047722724883405,1.037816086442286,False,1.0875502008032127,0.5824,0.6265247297561732,0.43242922220931973,-0.9999999791709676
50,0.3,1,5.0,1.0,0.2,0.05,3.0,0.03,1.5,0.3,0.05,0.95,0.9868,1.090798540737738,1.0020895389257658,1.071404265875061,False,1.1292407108239095,0.5496,0.08408112784784914,0.06416616646527645,-0.999992355935552
50,0.3,1,5.0,1.0,0.2,0.05,3.0,0.03,1.5,0.3,0.05,0.98,0.994,1.1078470824949698,1.0712161419719832,1.0880149777371049,False,1.139450282942603,0.5484,0.6752077328366558,0.5175221982005491,-0.9999993898741303
50,0.3,1,5.0,1.0,0.2,0.05,3.0,0.03,1.5,0.3,0.05,0.99,0.9956,1.0827641623141824,1.0649618538674073,1.063574783951377,False,1.1337349397590362,0.57,0.22131941920048526,0.18610668133869374,-0.9999999175692688
50,0.3,1,5.0,1.0,0.2,0.05,3.0,0.03,1.5,0.3,0.05,0.995,0.998,1.0953907815631263,1.0863295501741352,1.075878979651756,False,1.116633266533066,0.58,0.4039142355007744,0.28473669122631573,-0.9999999545328881
50,0.3,1,5.0,1.0,0.2,0.05,3.0,0.03,1.5,0.3,0.08,0.95,0.9844,1.1840715156440471,1.084703414833246,1.1622311548085007,False,1.1992724333063864,0.5324,0.06466965649350202,0.052973238788229154,-0.9999909567660582
50,0.3,1,5.0,1.0,0.2,0.05,3.0,0.03,1.5,0.3,0.08,0.98,0.992,1.155241935483871,1.1164053825250615,1.1341708819727807,False,1.2220434432823812,0.5696,0.2581494804883041,0.21544052369350034,-0.9999992298320938
50,0.3,1,5.0,1.0,0.2,0.05,3.0,0.03,1.5,0.3,0.08,0.99,0.9948,1.1519903498190591,1.1325783522255974,1.1310053197391032,False,1.2167804094741068,0.5836,0.4426166170979602,0.3943381734213618,-0.9999998943672291
50,0.3,1,5.0,1.0,0.2,0.05,3.0,0.03,1.5,0.3,0.08,0.995,0.9944,1.1536604987932422,1.1439170458989538,1.1326313023567574,False,1.2032128514056224,0.58,0.17089285037945182,0.14768412863009364,-0.9999999672569854
50,0.3,1,5.0,1.0,0.2,0.05,3.0,0.03,1.5,0.3,0.1,0.95,0.9864,1.2043795620437956,1.1026276110303046,1.1819901708187401,False,1.262474645030426,0.5392,0.035640705843154125,0.032319222975810705,-0.9999888317634447
50,0.3,1,5.0,1.0,0.2,0.05,3.0,0.03,1.5,0.3,0.1,0.98,0.9932,1.221506242448651,1.1795000375407616,1.1986492566916724,False,1.265669227658714,0.5664,0.6684897619739659,0.5781117240385243,-0.9999992647680134
50,0.3,1,5.0,1.0,0.2,0.05,3.0,0.03,1.5,0.3,0.1,0.99,0.9968,1.206661316211878,1.1859379884358927,1.1842098698690817,False,1.2345132743362832,0.5756,0.3001675679359859,0.24495807500033237,-0.999999710801748
50,0.3,1,5.0,1.0,0.2,0.05,3.0,0.03,1.5,0.3,0.1,0.995,0.994,1.2185110663983902,1.2079845751826848,1.1957361571544114,False,1.2642570281124499,0.582,0.4931397068936776,0.4524736392873978,-0.9999999649502999
50,0.3,1,5.0,1.0,0.2,0.05,3.0,0.03,1.5,0.5,0.03,0.95,0.9868,1.053100932306445,0.9685646144573239,1.029386824744073,False,1.0798217179902756,0.526,0.09430143380555599,0.04333904366941082,-0.9999946809093015
50,0.3,1,5.0,1.0,0.2,0.05,3.0,0.03,1.5,0.5,0.03,0.98,0.992,1.047983870967742,1.0140637767854077,1.0244487372100524,False,1.0815831987075928,0.5652,0.14909095908617642,0.0742818466999366,-0.9999994587684762
50,0.3,1,5.0,1.0,0.2,0.05,3.0,0.03,1.5,0.5,0.03,0.99,0.9976,1.0505212510024058,1.0334494116872974,1.0268974479136346,False,1.082059533386967,0.5756,0.4662710768787437,0.21270252574543758,-0.9999999395990578
50,0.3,1,5.0,1.0,0.2,0.05,3.0,0.03,1.5,0.5,0.03,0.995,0.9968,1.0557784911717496,1.0471695112056751,1.031970485497977,False,1.0758426966292134,0.5756,0.7578414312070078,0.3411290642864659,-0.9999999736599844
50,0.3,1,5.0,1.0,0.2,0.05,3.0,0.03,1.5,0.5,0.05,0.95,0.988,1.0789473684210527,0.9915595257498648,1.05431974536598,False,1.125456760048721,0.5372,0.2091843094730831,0.1011646934517753,-0.9999915440272338
50,0.3,1,5.0,1.0,0.2,0.05,3.0,0.03,1.5,0.5,0.05,0.98,0.9944,1.088897827835881,1.0531342032274758,1.063914281959612,False,1.1309955663039097,0.572,0.15560197362772268,0.08952838781065701,-0.9999991435414396
50,0.3,1,5.0,1.0,0.2,0.05,3.0,0.03,1.5,0.5,0.05,0.99,0.992,1.094758064516129,1.0766809706708822,1.0695637995881466,False,1.1153846153846154,0.5744,0.2956392262234756,0.1541267508475437,-0.9999998284378806
50,0.3,1,5.0,1.0,0.2,0.05,3.0,0.03,1.5,0.5,0.05,0.995,0.9972,1.0722021660649819,1.063406817437627,1.0478144767548572,False,1.1062626262626263,0.574,-0.029046950712103448,-0.00799475324563311,-0.9999999484839692
50,0.3,1,5.0,1.0,0.2,0.05,3.0,0.03,1.5,0.5,0.08,0.95,0.9808,1.1594616639477977,1.062955123578956,1.1318865503199327,False,1.177786818551668,0.534,0.3407719860831024,0.1852548973315261,-0.999987404758724
50,0.3,1,5.0,1.0,0.2,0.05,3.0,0.03,1.5,0.5,0.08,0.98,0.9908,1.138070246265644,1.1000400315339363,1.1112932697649474,False,1.191643230212937,0.5588,0.12843723231858414,0.07675017912766707,-0.9999985511053604
50,0.3,1,5.0,1.0,0.2,0.05,3.0,0.03,1.5,0.5,0.08,0.99,0.9948,1.1270607157217531,1.108235062863506,1.1006902764421316,False,1.1825171995143666,0.5696,0.4084173392547901,0.26877537285942477,-0.9999997886354203
50,0.3,1,5.0,1.0,0.2,0.05,3.0,0.03,1.5,0.5,0.08,0.995,0.998,1.1298597194388778,1.1203973905749764,1.1033861975088706,False,1.1710156563629064,0.5776,0.5116284903028878,0.29360060587261094,-0.999999934640904
50,0.3,1,5.0,1.0,0.2,0.05,3.0,0.03,1.5,0.5,0.1,0.95,0.99,1.2052525252525252,1.1033932818475807,1.1759323358136538,False,1.2351274787535411,0.5464,0.07035065245306739,0.04629305887809913,-0.9999872625399704
50,0.3,1,5.0,1.0,0.2,0.05,3.0,0.03,1.5,0.5,0.1,0.98,0.9944,1.1560740144810941,1.1171987223295226,1.1286260227523117,False,1.2395330112721417,0.5636,0.4385585319823181,0.29830374677951405,-0.9999990473813782
50,0.3,1,5.0,1.0,0.2,0.05,3.0,0.03,1.5,0.5,0.1,0.99,0.9968,1.1741573033707866,1.1542177572079317,1.1460275753882072,False,1.2174959871589086,0.5624,0.4450067250552398,0.29699887625818583,-0.9999998324021739
50,0.3,1,5.0,1.0,0.2,0.05,3.0,0.03,1.5,0.5,0.1,0.995,0.9972,1.156839149618933,1.1470578837654406,1.1293624699668878,False,1.1960467930617185,0.5808,0.19853107758047273,0.11535313062726979,-0.9999998823603884
50,0.3,1,5.0,1.0,0.2,0.05,3.0,0.03,1.5,0.7,0.03,0.95,0.9856,1.0495129870129871,0.9653709015614169,1.0206870679196318,False,1.0809154066203515,0.5296,0.19522604166929705,0.06386106710669696,-0.9999961296235249
50,0.3,1,5.0,1.0,0.2,0.05,3.0,0.03,1.5,0.7,0.03,0.98,0.9956,1.0401767778224187,1.006603870464631,1.0117689026017562,False,1.0751421608448415,0.5612,0.37726361425778904,0.12619275148369521,-0.9999995864068567
50,0.3,1,5.0,1.0,0.2,0.05,3.0,0.03,1.5,0.7,0.03,0.99,0.9924,1.049173720274083,1.0321321887913857,1.0203630431953348,False,1.0685645549318363,0.5652,-0.11586477054743945,-0.02494700098891139,-0.9999998320647945
50,0.3,1,5.0,1.0,0.2,0.05,3.0,0.03,1.5,0.7,0.03,0.995,0.9952,1.042604501607717,1.0341438694828797,1.0140882002443323,False,1.0555108608205954,0.572,0.052664187410478985,0.020189033083334838,-0.9999999720419535
50,0.3,1,5.0,1.0,0.2,0.05,3.0,0.03,1.5,0.7,0.05,0.95,0.9864,1.0790754257907542,0.9916718764597895,1.0489066633847852,False,1.1182446160097521,0.5476,0.08519623806799854,0.03356192203040256,-0.9999908904457349
50,0.3,1,5.0,1.0,0.2,0.05,3.0,0.03,1.5,0.7,0.05,0.98,0.992,1.072983870967742,1.0379415652738253,1.043094190537586,False,1.1093687173301165,0.5684,0.0018728104226799708,0.006802052878104862,-0.9999991065960794
50,0.3,1,5.0,1.0,0.2,0.05,3.0,0.03,1.5,0.7,0.05,0.99,0.9944,1.0671761866452132,1.049728614973764,1.0375514327063078,False,1.105072463768116,0.5708,-0.05491005944530922,-0.014317744787890338,-0.9999998009865579
50,0.3,1,5.0,1.0,0.2,0.05,3.0,0.03,1.5,0.7,0.05,0.995,0.9956,1.0711128967456809,1.0623299553569918,1.04130868627105,False,1.0904319741622932,0.5756,0.46349348212105823,0.14966942385166884,-0.9999999408347008
50,0.3,1,5.0,1.0,0.2,0.05,3.0,0.03,1.5,0.7,0.08,0.95,0.984,1.1191056910569106,1.0272143987968292,1.0870722335843026,False,1.177588996763754,0.5368,0.30659086574649386,0.12070832183345438,-0.9999856488406887
50,0.3,1,5.0,1.0,0.2,0.05,3.0,0.03,1.5,0.7,0.08,0.98,0.99,1.124040404040404,1.086662150527516,1.091773384439207,False,1.164040404040404,0.552,0.26512517252035517,0.11533562450267168,-0.999998656626613
50,0.3,1,5.0,1.0,0.2,0.05,3.0,0.03,1.5,0.7,0.08,0.99,0.9956,1.1116914423463238,1.0932234467964967,1.0800073808023205,False,1.1537216828478964,0.5644,0.1582712528249645,0.07253811700241226,-0.999999725648175
50,0.3,1,5.0,1.0,0.2,0.05,3.0,0.03,1.5,0.7,0.08,0.995,0.9936,1.1131239935587762,1.1038573190179717,1.0813725657503528,False,1.1670673076923077,0.5728,0.43358259813372557,0.21655370821073952,-0.9999999565681322
50,0.3,1,5.0,1.0,0.2,0.05,3.0,0.03,1.5,0.7,0.1,0.95,0.9844,1.181227143437627,1.0821935918011192,1.1461943292990264,False,1.2215885947046843,0.5364,0.26988070664340125,0.12012356015146562,-0.999986893076042
50,0.3,1,5.0,1.0,0.2,0.05,3.0,0.03,1.5,0.7,0.1,0.98,0.99,1.145858585858586,1.107463230769071,1.1125491882204335,False,1.204056795131846,0.5624,0.2399444476167823,0.12075126997459633,-0.9999988141815067
50,0.3,1,5.0,1.0,0.2,0.05,3.0,0.03,1.5,0.7,0.1,0.99,0.9952,1.1491157556270097,1.1297717232553173,1.1156493853233362,False,1.1948946515397083,0.57,0.2569036310991378,0.1179346069010166,-0.999999703650055
50,0.3,1,5.0,1.0,0.2,0.05,3.0,0.03,1.5,0.7,0.1,0.995,0.994,1.1319919517102617,1.1225045961675948,1.0993468766378818,False,1.1736502820306205,0.566,0.31655168466678185,0.13830952966214835,-0.9999999234886391
50,0.3,1,5.0,1.0,0.2,0.05,3.0,0.03,1.5,1.0,0.03,0.95,0.9804,1.0395756833945329,0.9565169335613601,1.0034866368204667,False,1.0636027903159622,0.5308,0.08768010928013226,0.020774660198807762,-0.9999949570910477
50,0.3,1,5.0,1.0,0.2,0.05,3.0,0.03,1.5,1.0,0.03,0.98,0.9904,1.0420032310177707,1.0083495851957323,1.0057697743615313,False,1.0580645161290323,0.5508,0.0977709651770362,0.021394080627278194,-0.9999992428142213
50,0.3,1,5.0,1.0,0.2,0.05,3.0,0.03,1.5,1.0,0.03,0.99,0.9936,1.0342190016103059,1.0175118490398598,0.9984476222756012,False,1.065938511326861,0.5584,0.1317688515393559,0.034014243441885555,-0.999999880627419
50,0.3,1,5.0,1.0,0.2,0.05,3.0,0.03,1.5,1.0,0.03,0.995,0.9944,1.0358004827031375,1.0274160520236506,0.9999354587552447,False,1.0572811617587736,0.5728,0.3629837965659285,0.06818878355528639,-0.999999966780544
50,0.3,1,5.0,1.0,0.2,0.05,3.0,0.03,1.5,1.0,0.05,0.95,0.9864,1.0685320356853203,0.9822962893602348,1.0307021692156857,False,1.1160604822231304,0.5212,-0.05862615534997172,-0.008527079023764083,-0.9999950205922138
50,0.3,1,5.0,1.0,0.2,0.05,3.0,0.03,1.5,1.0,0.05,0.98,0.9912,1.060129136400323,1.0256656201935075,1.022808547811197,False,1.0987555198715375,0.5708,-0.08860044294846368,-0.014955774265210907,-0.9999990450572822
50,0.3,1,5.0,1.0,0.2,0.05,3.0,0.03,1.5,1.0,0.05,0.99,0.9932,1.0684655658477649,1.0509887480998406,1.0306397411160158,False,1.0936495176848875,0.562,0.48121026827354335,0.11532194144393182,-0.9999997875227534
50,0.3,1,5.0,1.0,0.2,0.05,3.0,0.03,1.5,1.0,0.05,0.995,0.996,1.0526104417670683,1.0440372363289547,1.015742695702814,False,1.0824242424242425,0.566,-0.07072234790956561,-0.005953466665239235,-0.9999999068569366
50,0.3,1,5.0,1.0,0.2,0.05,3.0,0.03,1.5,1.0,0.08,0.95,0.9848,1.116165718927701,1.0246051533813199,1.075385439740416,False,1.1693186454508364,0.5304,0.12638007793383169,0.0395265785786068,-0.9999894775401182
50,0.3,1,5.0,1.0,0.2,0.05,3.0,0.03,1.5,1.0,0.08,0.98,0.9916,1.118999596611537,1.081854955636086,1.0780403879167684,False,1.1581920903954803,0.5516,0.3179719049733415,0.1069833203504632,-0.9999986083471428
50,0.3,1,5.0,1.0,0.2,0.05,3.0,0.03,1.5,1.0,0.08,0.99,0.9916,1.1068979427188383,1.0885410025315998,1.0667001595043901,False,1.1485347250100362,0.5672,-0.05580654332849738,-0.010806143313221847,-0.9999996653390968
50,0.3,1,5.0,1.0,0.2,0.05,3.0,0.03,1.5,1.0,0.08,0.995,0.9932,1.0845751107531212,1.0756382933621513,1.0457635912069463,False,1.1407258064516128,0.5636,0.14767337933435043,0.04569271576104358,-0.9999999314606786
50,0.3,1,5.0,1.0,0.2,0.05,3.0,0.03,1.5,1.0,0.1,0.95,0.9848,1.162063363119415,1.065256240202168,1.1183381409676616,False,1.2089125102207685,0.526,0.1646938067878147,0.055505190385126184,-0.9999861999393027
50,0.3,1,5.0,1.0,0.2,0.05,3.0,0.03,1.5,1.0,0.1,0.98,0.9904,1.12843295638126,1.09085075048301,1.0868753792514396,False,1.1880548829701372,0.5488,-0.005135721093133922,0.0051088604944391075,-0.9999981778350587
50,0.3,1,5.0,1.0,0.2,0.05,3.0,0.03,1.5,1.0,0.1,0.99,0.9952,1.1254019292604502,1.106614882974376,1.0840370748858428,False,1.182443365695793,0.5592,0.3593750759091603,0.10041381967152488,-0.9999995429139069
50,0.3,1,5.0,1.0,0.2,0.05,3.0,0.03,1.5,1.0,0.1,0.995,0.9972,1.1115122342559165,1.1022642941717604,1.0710249452278378,False,1.1637239165329052,0.5648,-0.14859391079566708,-0.039859619486404034,-0.999999935547448
50,0.3,1,5.0,1.0,0.2,0.05,3.0,0.03,1.8,0.3,0.03,0.95,0.986,1.0498985801217038,0.9657124753374781,1.0315377680779094,False,1.0621951219512196,0.5428,0.3314117398418549,0.1748363645138443,-0.9999966034291526
50,0.3,1,5.0,1.0,0.2,0.05,3.0,0.03,1.8,0.3,0.03,0.98,0.9932,1.045106725734998,1.0113146547903635,1.0268654329706346,False,1.073042776432607,0.5684,-0.019197607157947317,-0.005290909561806099,-0.9999997505337104
50,0.3,1,5.0,1.0,0.2,0.05,3.0,0.03,1.8,0.3,0.03,0.99,0.9984,1.0504807692307692,1.0334098693031308,1.03210541380842,False,1.071600965406275,0.572,0.39819375571355375,0.25134283114032163,-0.9999999672004035
50,0.3,1,5.0,1.0,0.2,0.05,3.0,0.03,1.8,0.3,0.03,0.995,0.996,1.0506024096385542,1.0420518323812795,1.0322240149666395,False,1.070967741935484,0.5812,-0.0990944670934492,-0.059590619888018774,-0.9999999924015356
50,0.3,1,5.0,1.0,0.2,0.05,3.0,0.03,1.8,0.3,0.05,0.95,0.9876,1.0745240988254354,0.9876246337108806,1.0555439059829328,False,1.1090468497576738,0.548,-0.0024454980928671002,0.0037515901179925844,-0.9999947050170418
50,0.3,1,5.0,1.0,0.2,0.05,3.0,0.03,1.8,0.3,0.05,0.98,0.9968,1.0854735152487962,1.049865104147116,1.06621514459247,False,1.1057731126362536,0.5748,0.3573327484176576,0.24958608240527724,-0.9999996841445017
50,0.3,1,5.0,1.0,0.2,0.05,3.0,0.03,1.8,0.3,0.05,0.99,0.9932,1.0954490535642367,1.0773560086939358,1.0759357583922757,False,1.1152147731834605,0.576,0.6781693447152629,0.4664072130684558,-0.9999999320937673
50,0.3,1,5.0,1.0,0.2,0.05,3.0,0.03,1.8,0.3,0.05,0.995,0.9964,1.086310718586913,1.077353987085854,1.0670310077965834,False,1.1127214170692432,0.5764,0.7473036088169153,0.5368142965771138,-0.9999999862183458
50,0.3,1,5.0,1.0,0.2,0.05,3.0,0.03,1.8,0.3,0.08,0.95,0.9876,1.1259619279060349,1.033289028607757,1.1056600659965206,False,1.1524193548387096,0.5344,0.2666218586912167,0.1828412050313983,-0.999992721665621
50,0.3,1,5.0,1.0,0.2,0.05,3.0,0.03,1.8,0.3,0.08,0.98,0.9924,1.117291414752116,1.0802249797520727,1.0972149820592487,False,1.162434502216848,0.5652,0.03680837198350981,0.02999395620335376,-0.9999992718857089
50,0.3,1,5.0,1.0,0.2,0.05,3.0,0.03,1.8,0.3,0.08,0.99,0.9944,1.1359613837489944,1.1169271293680898,1.1153982092221086,False,1.173616680032077,0.5736,0.6807566006137522,0.5337703861414189,-0.9999999091058587
50,0.3,1,5.0,1.0,0.2,0.05,3.0,0.03,1.8,0.3,0.08,0.995,0.996,1.1506024096385543,1.14089521678487,1.129654052754857,False,1.1710261569416498,0.5796,0.5090034939133984,0.4069377345072279,-0.9999999848015146
50,0.3,1,5.0,1.0,0.2,0.05,3.0,0.03,1.8,0.3,0.1,0.95,0.9844,1.1665989435188948,1.0692594380954368,1.1452262474997623,False,1.1960227272727273,0.5376,0.08087912693133928,0.06141035072251268,-0.9999914047095539
50,0.3,1,5.0,1.0,0.2,0.05,3.0,0.03,1.8,0.3,0.1,0.98,0.992,1.1584677419354839,1.1194788893851737,1.137311197976225,False,1.203143893591294,0.5744,0.3156524284647848,0.22373749003070909,-0.9999991650105841
50,0.3,1,5.0,1.0,0.2,0.05,3.0,0.03,1.8,0.3,0.1,0.99,0.996,1.168273092369478,1.148473891738298,1.1468557753030126,False,1.2118542250700841,0.5764,0.577509722927639,0.4936408193793461,-0.9999999225434243
50,0.3,1,5.0,1.0,0.2,0.05,3.0,0.03,1.8,0.3,0.1,0.995,0.9952,1.1704180064308682,1.1604745459874428,1.1489434625991513,False,1.1933145388642772,0.5788,0.6668905335953018,0.5315966007931386,-0.999999973223711
50,0.3,1,5.0,1.0,0.2,0.05,3.0,0.03,1.8,0.5,0.03,0.95,0.9872,1.0356564019448946,0.9530244702209199,1.0125498761670426,False,1.0648298217179903,0.5392,0.15570653183253447,0.06016592057156838,-0.9999977430850465
50,0.3,1,5.0,1.0,0.2,0.05,3.0,0.03,1.8,0.5,0.03,0.98,0.992,1.0346774193548387,1.0013483859850603,1.0116047765115477,False,1.0655671761866452,0.5604,0.25359436141145647,0.09285692551784719,-0.9999995845982621
50,0.3,1,5.0,1.0,0.2,0.05,3.0,0.03,1.8,0.5,0.03,0.99,0.9956,1.03455202892728,1.0178374433817237,1.0114837242450412,False,1.0652962515114872,0.5736,0.2264076860695281,0.08581135254567336,-0.9999999308013411
50,0.3,1,5.0,1.0,0.2,0.05,3.0,0.03,1.8,0.5,0.03,0.995,0.9952,1.0478295819935692,1.0393102312136544,1.0242998349630312,False,1.0569138276553107,0.5676,0.31842510607571617,0.10821397373815982,-0.9999999853309168
50,0.3,1,5.0,1.0,0.2,0.05,3.0,0.03,1.8,0.5,0.05,0.95,0.9856,1.0645292207792207,0.9787358541159926,1.0404131509081092,False,1.0955492037566354,0.5272,0.0408025897705696,0.022355736494721883,-0.9999957235736802
50,0.3,1,5.0,1.0,0.2,0.05,3.0,0.03,1.8,0.5,0.05,0.98,0.9956,1.071514664523905,1.0365389471343145,1.0471513696033377,False,1.0939024390243903,0.5588,0.2746524311739216,0.10666158659457471,-0.9999994180993983
50,0.3,1,5.0,1.0,0.2,0.05,3.0,0.03,1.8,0.5,0.05,0.99,0.996,1.0690763052208836,1.0515855735786497,1.0447994391926783,False,1.0949316170555108,0.5736,0.18947523555863732,0.08216242923179588,-0.9999999223223479
50,0.3,1,5.0,1.0,0.2,0.05,3.0,0.03,1.8,0.5,0.05,0.995,0.9968,1.0746388443017656,1.0658157105905626,1.0501646046522102,False,1.0918940609951846,0.5772,0.3281969228590593,0.1420675303727654,-0.9999999748896177
50,0.3,1,5.0,1.0,0.2,0.05,3.0,0.03,1.8,0.5,0.08,0.95,0.9832,1.112286411716843,1.0211660781806895,1.0864569991754067,False,1.1536585365853658,0.5392,0.07292592399861034,0.03957976630850143,-0.9999920177437985
50,0.3,1,5.0,1.0,0.2,0.05,3.0,0.03,1.8,0.5,0.08,0.98,0.9944,1.1082059533386968,1.071558506460099,1.0825250503476556,False,1.1470588235294117,0.5572,0.18228379899506914,0.0891481719025057,-0.9999989719386467
50,0.3,1,5.0,1.0,0.2,0.05,3.0,0.03,1.8,0.5,0.08,0.99,0.9976,1.103448275862069,1.0851709537248055,1.0779400301784292,False,1.1489104116222761,0.5704,0.3023549343818714,0.17014045373270387,-0.9999998646850969
50,0.3,1,5.0,1.0,0.2,0.05,3.0,0.03,1.8,0.5,0.08,0.995,0.9968,1.1215890850722312,1.1122236028473125,1.0954196189075724,False,1.1485507246376812,0.5792,0.4474109000079889,0.22326338187178651,-0.9999999674814224
50,0.3,1,5.0,1.0,0.2,0.05,3.0,0.03,1.8,0.5,0.1,0.95,0.9868,1.1325496554519658,1.0391250836146249,1.1059768921412234,False,1.1854115729421353,0.534,0.11736326377275841,0.06211664013571238,-0.9999918394781422
50,0.3,1,5.0,1.0,0.2,0.05,3.0,0.03,1.8,0.5,0.1,0.98,0.992,1.1403225806451613,1.1021857822708112,1.113462079518347,False,1.171497584541063,0.5644,0.3363922229734437,0.19477482379638195,-0.9999993006608228
50,0.3,1,5.0,1.0,0.2,0.05,3.0,0.03,1.8,0.5,0.1,0.99,0.9948,1.1467631684760755,1.1274744214572563,1.1196631617520652,False,1.176186645213194,0.5712,0.1744307433053693,0.09890129333516337,-0.9999998608484252
50,0.3,1,5.0,1.0,0.2,0.05,3.0,0.03,1.8,0.5,0.1,0.995,0.998,1.1230460921843688,1.1136635852281747,1.0968231796480892,False,1.1851405622489959,0.5752,0.2668672815361972,0.1615213819173958,-0.9999999702344214
50,0.3,1,5.0,1.0,0.2,0.05,3.0,0.03,1.8,0.7,0.03,0.95,0.9824,1.0488599348534202,0.9647878902393306,1.0200633515965316,False,1.0607667210440457,0.5396,-0.00960505905716189,0.0026127355117384226,-0.9999971097378049
50,0.3,1,5.0,1.0,0.2,0.05,3.0,0.03,1.8,0.7,0.03,0.98,0.9964,1.0405459654757125,1.0069566608862104,1.0121216143740899,False,1.0589184826472962,0.5588,0.3279277310339959,0.0869258251665509,-0.999999684707585
50,0.3,1,5.0,1.0,0.2,0.05,3.0,0.03,1.8,0.7,0.03,0.99,0.992,1.0346774193548387,1.017960070082707,1.0065144290516506,False,1.0597496972143723,0.5732,-0.19989144012967908,-0.04009652082575546,-0.9999999071259997
50,0.3,1,5.0,1.0,0.2,0.05,3.0,0.03,1.8,0.7,0.03,0.995,0.998,1.0332665330661324,1.024910409877917,1.0051662068883362,False,1.0506227400562476,0.5768,0.06221164348009552,0.01604015787351626,-0.9999999705488636
50,0.3,1,5.0,1.0,0.2,0.05,3.0,0.03,1.8,0.7,0.05,0.95,0.9864,1.0656934306569343,0.9797719629982883,1.03613613502369,False,1.0919869174161898,0.5392,-0.0211539228214188,-0.00023563047001933695,-0.9999941798263481
50,0.3,1,5.0,1.0,0.2,0.05,3.0,0.03,1.8,0.7,0.05,0.98,0.9896,1.059013742926435,1.024600326328664,1.0297594337722349,False,1.0814187827488915,0.558,-0.0600352019601413,-0.009364762922567669,-0.9999992934687477
50,0.3,1,5.0,1.0,0.2,0.05,3.0,0.03,1.8,0.7,0.05,0.99,0.9924,1.0693268843208383,1.0518305444656846,1.0396041538759129,False,1.085783326621023,0.5688,0.31528651833798915,0.11025380351541214,-0.9999999112357417
50,0.3,1,5.0,1.0,0.2,0.05,3.0,0.03,1.8,0.7,0.05,0.995,0.9956,1.06910405785456,1.0603439865124835,1.0393914855710433,False,1.0852525252525254,0.5796,0.3961883843609378,0.10927754775682652,-0.9999999683034699
50,0.3,1,5.0,1.0,0.2,0.05,3.0,0.03,1.8,0.7,0.08,0.95,0.9856,1.1034902597402598,1.0133580944201195,1.072190547069321,False,1.137429264349232,0.5364,0.14672323405242305,0.0515886500847592,-0.99999331986528
50,0.3,1,5.0,1.0,0.2,0.05,3.0,0.03,1.8,0.7,0.08,0.98,0.9896,1.1192400970088925,1.0820833822928262,1.0872002887809111,False,1.142109500805153,0.566,0.31283750641668534,0.1259782223682495,-0.9999993871867313
50,0.3,1,5.0,1.0,0.2,0.05,3.0,0.03,1.8,0.7,0.08,0.99,0.9944,1.0989541432019307,1.08078046477804,1.067866054342192,False,1.1306089743589745,0.5648,0.26188376984399087,0.09431322986575186,-0.9999998377784004
50,0.3,1,5.0,1.0,0.2,0.05,3.0,0.03,1.8,0.7,0.08,0.995,0.9972,1.0998796630565584,1.0907665790636274,1.0687484514565189,False,1.1385176184690158,0.5828,0.4802144320900448,0.19582079101040825,-0.9999999679187435
50,0.3,1,5.0,1.0,0.2,0.05,3.0,0.03,1.8,0.7,0.1,0.95,0.9832,1.1383238405207485,1.0442425865619616,1.1053762113605599,False,1.1748166259168704,0.5396,0.28098777286847976,0.12288292885378978,-0.9999937935209833
50,0.3,1,5.0,1.0,0.2,0.05,3.0,0.03,1.8,0.7,0.1,0.98,0.9924,1.1152760983474406,1.0783029306896712,1.0834233386089707,False,1.1670036393044885,0.5504,0.4362916190772283,0.17004706948538081,-0.9999991581145767
50,0.3,1,5.0,1.0,0.2,0.05,3.0,0.03,1.8,0.7,0.1,0.99,0.9968,1.1308186195826646,1.1119047491195655,1.098229462814441,False,1.166127728375101,0.5656,0.35510740622067116,0.15188178769386737,-0.9999998278093851
50,0.3,1,5.0,1.0,0.2,0.05,3.0,0.03,1.8,0.7,0.1,0.995,0.9952,1.1161575562700965,1.1068554965326076,1.0842632485541723,False,1.1682129891085116,0.5776,0.4176347589456674,0.19545410288310808,-0.999999972526521
50,0.3,1,5.0,1.0,0.2,0.05,3.0,0.03,1.8,1.0,0.03,0.95,0.986,1.0425963488843812,0.9592083305214407,1.0063275662066697,False,1.0557851239669422,0.5208,-0.07599994181804771,-0.007833826741247555,-0.9999974295002275
50,0.3,1,5.0,1.0,0.2,0.05,3.0,0.03,1.8,1.0,0.03,0.98,0.9912,1.0310734463276836,0.9979039686239942,0.9954879719967663,False,1.0563894523326571,0.5644,-0.0002742716858955321,0.0056954083118388,-0.9999996659972088
50,0.3,1,5.0,1.0,0.2,0.05,3.0,0.03,1.8,1.0,0.03,0.99,0.9932,1.0306081353201773,1.013981315548757,0.995050121322239,False,1.047887323943662,0.5592,0.1388718839466725,0.024845464243344714,-0.9999998668810636
50,0.3,1,5.0,1.0,0.2,0.05,3.0,0.03,1.8,1.0,0.03,0.995,0.996,1.0329317269076306,1.0245793415679838,0.9972364834781896,False,1.0430930326218284,0.57,0.36522783773615686,0.052595253752519666,-0.9999999701528278
50,0.3,1,5.0,1.0,0.2,0.05,3.0,0.03,1.8,1.0,0.05,0.95,0.98,1.070204081632653,0.9837841751104628,1.0322724763088036,False,1.0891771382245643,0.5232,0.28700800896327094,0.06242380409645866,-0.9999957544406095
50,0.3,1,5.0,1.0,0.2,0.05,3.0,0.03,1.8,1.0,0.05,0.98,0.9928,1.056406124093473,1.0221094579719807,1.0193101043132788,False,1.0887454618797903,0.5636,-0.006797574333199519,0.0045871108265671786,-0.9999992774952904
50,0.3,1,5.0,1.0,0.2,0.05,3.0,0.03,1.8,1.0,0.05,0.99,0.9924,1.0487706569931479,1.0317381582376182,1.0121331399544602,False,1.0742092457420924,0.5624,-0.026655621038698535,0.0009711753057492148,-0.9999998163589358
50,0.3,1,5.0,1.0,0.2,0.05,3.0,0.03,1.8,1.0,0.05,0.995,0.998,1.043687374749499,1.0352145883541497,1.0073535670320315,False,1.0742971887550201,0.5748,-0.02723183818742048,0.00171051374429861,-0.9999999606693727
50,0.3,1,5.0,1.0,0.2,0.05,3.0,0.03,1.8,1.0,0.08,0.95,0.9856,1.1006493506493507,1.0108384059933346,1.060841997347884,False,1.139723801787165,0.5448,0.15805775438217112,0.04164742644652288,-0.9999919199124532
50,0.3,1,5.0,1.0,0.2,0.05,3.0,0.03,1.8,1.0,0.08,0.98,0.9932,1.0849778493757551,1.0493921562063415,1.046141529357022,False,1.1202763104429094,0.5604,0.30245698002684124,0.07036758501160842,-0.9999987639284607
50,0.3,1,5.0,1.0,0.2,0.05,3.0,0.03,1.8,1.0,0.08,0.99,0.9932,1.0914216673378978,1.0734211459159149,1.0521874908851123,False,1.1217845659163987,0.5616,0.07452549069257615,0.025287315496509886,-0.999999789256041
50,0.3,1,5.0,1.0,0.2,0.05,3.0,0.03,1.8,1.0,0.08,0.995,0.9952,1.090032154340836,1.0810326471053369,1.050883936646743,False,1.1200161095449053,0.574,0.4103274293555098,0.104478098461235,-0.9999999608334406
50,0.3,1,5.0,1.0,0.2,0.05,3.0,0.03,1.8,1.0,0.1,0.95,0.9836,1.1362342415616105,1.0423935404022273,1.0941786237821665,False,1.1681780708985985,0.5272,0.29576443303803346,0.07936145580072265,-0.999990853682684
50,0.3,1,5.0,1.0,0.2,0.05,3.0,0.03,1.8,1.0,0.1,0.98,0.9908,1.1142511102139685,1.0773248038712864,1.0735915022437654,False,1.16,0.5552,0.05662499181110967,0.02053309101295732,-0.9999987945979074
50,0.3,1,5.0,1.0,0.2,0.05,3.0,0.03,1.8,1.0,0.1,0.99,0.9912,1.112994350282486,1.0944959721978194,1.0724138568221226,False,1.1404858299595142,0.5584,0.3130110126208223,0.07522478713670643,-0.9999997130503284
50,0.3,1,5.0,1.0,0.2,0.05,3.0,0.03,1.8,1.0,0.1,0.995,0.9968,1.0959069020866774,1.0868397163046526,1.056394631320546,False,1.153352067442794,0.5704,0.19262868279972803,0.05321479958386179,-0.9999999410121114
50,0.3,1,5.0,1.0,0.2,0.05,3.0,0.03,2.0,0.3,0.03,0.95,0.9852,1.0377588306942753,0.9548978820398762,1.0197001742159586,False,1.054119547657512,0.5532,-0.10369804260965924,-0.04392071780355891,-0.9999980831302353
50,0.3,1,5.0,1.0,0.2,0.05,3.0,0.03,2.0,0.3,0.03,0.98,0.9952,1.0381832797427653,1.0046989746688448,1.0201140942910865,False,1.0511478050745067,0.5644,0.14199570627506278,0.05584767217844846,-0.9999996689660849
50,0.3,1,5.0,1.0,0.2,0.05,3.0,0.03,2.0,0.3,0.03,0.99,0.9984,1.0364583333333333,1.0197012597009634,1.0184319212693485,False,1.0519323671497585,0.57,0.3384000254248686,0.16276872185865832,-0.999999969553167
50,0.3,1,5.0,1.0,0.2,0.05,3.0,0.03,2.0,0.3,0.03,0.995,0.9988,1.0232278734481377,1.0149835338359396,1.0055281250230075,False,1.046987951807229,0.5828,-0.3236226552721916,-0.1402540880348447,-0.9999999941783472
50,0.3,1,5.0,1.0,0.2,0.05,3.0,0.03,2.0,0.3,0.05,0.95,0.9884,1.0586806960744637,0.9735319069486229,1.0400999887148488,False,1.0846496557310652,0.5476,0.12964090341086731,0.07260964009483885,-0.9999967954654947
50,0.3,1,5.0,1.0,0.2,0.05,3.0,0.03,2.0,0.3,0.05,0.98,0.9948,1.0470446320868516,1.013166231938266,1.0287550431660109,False,1.0778225806451613,0.5692,-0.12112102274284033,-0.05947730754016941,-0.9999997048864537
50,0.3,1,5.0,1.0,0.2,0.05,3.0,0.03,2.0,0.3,0.05,0.99,0.9944,1.0663716814159292,1.0489423230523618,1.0475974959286987,False,1.0772927513015618,0.576,0.43857777876434545,0.24012024279191035,-0.9999999471486346
50,0.3,1,5.0,1.0,0.2,0.05,3.0,0.03,2.0,0.3,0.05,0.995,0.9948,1.0659429030960996,1.0572187604014394,1.0471795263716417,False,1.07223113964687,0.586,0.1442833260715045,0.07343720768460565,-0.9999999823264689
50,0.3,1,5.0,1.0,0.2,0.05,3.0,0.03,2.0,0.3,0.08,0.95,0.9852,1.1023142509135202,1.0123135771491205,1.0826246912761428,False,1.1263713937423812,0.5416,0.02513486139530287,0.019909830995760026,-0.9999955860826225
50,0.3,1,5.0,1.0,0.2,0.05,3.0,0.03,2.0,0.3,0.08,0.98,0.9944,1.0997586484312147,1.0634987309820603,1.080134782634661,False,1.124394184168013,0.5712,0.09560697053878582,0.058998949189353084,-0.9999993709226267
50,0.3,1,5.0,1.0,0.2,0.05,3.0,0.03,2.0,0.3,0.08,0.99,0.9968,1.086677367576244,1.0687855311422225,1.0673883078334774,False,1.1138732959101845,0.5808,0.04441699255024698,0.03092087161399839,-0.9999999034653453
50,0.3,1,5.0,1.0,0.2,0.05,3.0,0.03,2.0,0.3,0.08,0.995,0.9968,1.0878812199036918,1.078906430228675,1.0685614504014056,False,1.1145498392282958,0.58,0.41274565628876914,0.2503179731229022,-0.9999999771401502
50,0.3,1,5.0,1.0,0.2,0.05,3.0,0.03,2.0,0.3,0.1,0.95,0.9868,1.1070125658694772,1.0164845828263955,1.0872019891472335,False,1.1519090170593014,0.5348,-0.11386869737520784,-0.06629455381972925,-0.9999935399607619
50,0.3,1,5.0,1.0,0.2,0.05,3.0,0.03,2.0,0.3,0.1,0.98,0.9948,1.1178126256533976,1.080721785921596,1.097722672019506,False,1.1448109412711183,0.5608,0.15468496436658913,0.10102072602986947,-0.9999994102713904
50,0.3,1,5.0,1.0,0.2,0.05,3.0,0.03,2.0,0.3,0.1,0.99,0.9952,1.1205787781350482,1.101904030677125,1.10041700177389,False,1.1366559485530547,0.5788,0.21212792315279352,0.12803087395961033,-0.9999998481544677
50,0.3,1,5.0,1.0,0.2,0.05,3.0,0.03,2.0,0.3,0.1,0.995,0.9968,1.1059390048154094,1.0967557567605304,1.086156108150798,False,1.1264090177133654,0.5808,-0.0925186683805403,-0.042645686825422476,-0.9999999591100748
50,0.3,1,5.0,1.0,0.2,0.05,3.0,0.03,2.0,0.5,0.03,0.95,0.9828,1.0402930402930404,0.9571564991528192,1.0170257293052194,False,1.0582053354890866,0.534,-0.2095500730199542,-0.05376418197997947,-0.9999980747827668
50,0.3,1,5.0,1.0,0.2,0.05,3.0,0.03,2.0,0.5,0.03,0.98,0.9928,1.0330378726833198,0.9997814099461168,1.0100219240977724,False,1.0475998386446148,0.5624,-0.0839690963369474,-0.01823302024987679,-0.9999998191060966
50,0.3,1,5.0,1.0,0.2,0.05,3.0,0.03,2.0,0.5,0.03,0.99,0.9956,1.0329449578143832,1.0162661575812202,1.0099322202397585,False,1.0486139011651265,0.5752,0.20967879651080798,0.07045837851837526,-0.9999999691641763
50,0.3,1,5.0,1.0,0.2,0.05,3.0,0.03,2.0,0.5,0.03,0.995,0.9968,1.0321027287319422,1.0237595956335948,1.0091190880813081,False,1.0417168070597673,0.5824,0.25370389178214287,0.07064168238794181,-0.9999999923651997
50,0.3,1,5.0,1.0,0.2,0.05,3.0,0.03,2.0,0.5,0.05,0.95,0.986,1.0572008113590263,0.972214368505827,1.0333428576583013,False,1.0788938592923953,0.538,0.09103578087898063,0.034511599416557855,-0.999996106351095
50,0.3,1,5.0,1.0,0.2,0.05,3.0,0.03,2.0,0.5,0.05,0.98,0.9936,1.0511272141706924,1.0170667175462114,1.0274822129170766,False,1.076427996781979,0.5588,-0.15604931568715533,-0.038594374158448776,-0.9999994265411425
50,0.3,1,5.0,1.0,0.2,0.05,3.0,0.03,2.0,0.5,0.05,0.99,0.9964,1.0562023283821758,1.0390026677737227,1.0323794437257965,False,1.0721442885771544,0.5732,-0.03569953886744322,-0.006350651918616147,-0.9999999238582459
50,0.3,1,5.0,1.0,0.2,0.05,3.0,0.03,2.0,0.5,0.05,0.995,0.9948,1.0410132689987937,1.0325704730672687,1.0177209366995579,False,1.0680080482897385,0.5768,-0.35572575873853257,-0.10817131030221687,-0.9999999851406834
50,0.3,1,5.0,1.0,0.2,0.05,3.0,0.03,2.0,0.5,0.08,0.95,0.9856,1.0978084415584415,1.0083152641005033,1.0725041698094582,False,1.1213235294117647,0.5384,-0.12794030743807133,-0.048762476964230146,-0.9999945428667003
50,0.3,1,5.0,1.0,0.2,0.05,3.0,0.03,2.0,0.5,0.08,0.98,0.9936,1.0841384863123993,1.0485908767749574,1.0593254733246629,False,1.1112903225806452,0.5608,0.04196211048291203,0.02138585150511195,-0.9999993821714028
50,0.3,1,5.0,1.0,0.2,0.05,3.0,0.03,2.0,0.5,0.08,0.99,0.994,1.0865191146881288,1.0686308855870008,1.0616208682585688,False,1.1054530874097834,0.5712,-0.23148029729665234,-0.07650154934748939,-0.9999998353710379
50,0.3,1,5.0,1.0,0.2,0.05,3.0,0.03,2.0,0.5,0.08,0.995,0.9956,1.0763358778625953,1.0674933734359873,1.051801276520489,False,1.1008437123342707,0.5756,0.002211611360654767,0.0065884064130337415,-0.9999999611799415
50,0.3,1,5.0,1.0,0.2,0.05,3.0,0.03,2.0,0.5,0.1,0.95,0.9848,1.1210398050365555,1.0289260890661114,1.0948904746270183,False,1.150244299674267,0.5324,0.05076352797698044,0.024343213576434177,-0.9999913593524457
50,0.3,1,5.0,1.0,0.2,0.05,3.0,0.03,2.0,0.5,0.1,0.98,0.9928,1.1035455278001611,1.0671116307955548,1.0780337582070008,False,1.137469586374696,0.5556,-0.2050738720947451,-0.07606741241963869,-0.9999993129829862
50,0.3,1,5.0,1.0,0.2,0.05,3.0,0.03,2.0,0.5,0.1,0.99,0.9952,1.1209807073954985,1.1022966442026967,1.0948335429865375,False,1.1321746160064672,0.57,0.1399843085478194,0.058821514081455244,-0.9999998259210283
50,0.3,1,5.0,1.0,0.2,0.05,3.0,0.03,2.0,0.5,0.1,0.995,0.996,1.0923694779116466,1.0833430750430377,1.0672611989921006,False,1.125150421179302,0.5808,0.24306486027592691,0.09905188490235725,-0.9999999621982432
50,0.3,1,5.0,1.0,0.2,0.05,3.0,0.03,2.0,0.7,0.03,0.95,0.986,1.040973630831643,0.9577629179938769,1.0125301884705182,False,1.055646481178396,0.548,-0.04374974123820379,-0.0039250476090509166,-0.9999978240089692
50,0.3,1,5.0,1.0,0.2,0.05,3.0,0.03,2.0,0.7,0.03,0.98,0.9928,1.0286059629331183,0.9955454124937433,1.0007121637828922,False,1.0489086499595797,0.5664,-0.06830765571871869,-0.007039253228934993,-0.9999997159949621
50,0.3,1,5.0,1.0,0.2,0.05,3.0,0.03,2.0,0.7,0.03,0.99,0.9952,1.0309485530546625,1.0143141797636575,1.002951035475688,False,1.0466050622740055,0.5716,0.24033520506881392,0.0570961568111415,-0.9999999573901871
50,0.3,1,5.0,1.0,0.2,0.05,3.0,0.03,2.0,0.7,0.03,0.995,0.9968,1.0240770465489566,1.0158232743786222,0.9963832477501058,False,1.042570281124498,0.5744,0.006187536965157981,0.0070507804511840445,-0.9999999867600783
50,0.3,1,5.0,1.0,0.2,0.05,3.0,0.03,2.0,0.7,0.05,0.95,0.9872,1.0603727714748785,0.975037070802592,1.031056937968474,False,1.08272800645682,0.546,-0.11783790409961283,-0.025702358062725705,-0.999997307360077
50,0.3,1,5.0,1.0,0.2,0.05,3.0,0.03,2.0,0.7,0.05,0.98,0.9952,1.04983922829582,1.0158361812458183,1.020998648760745,False,1.0689238210399032,0.56,-0.20583619211785223,-0.036359305066401296,-0.9999995598533028
50,0.3,1,5.0,1.0,0.2,0.05,3.0,0.03,2.0,0.7,0.05,0.99,0.9956,1.0534351145038168,1.0362977775292068,1.0244327104071922,False,1.0692027519222986,0.57,-0.3002587747252817,-0.06515544741940837,-0.999999915779315
50,0.3,1,5.0,1.0,0.2,0.05,3.0,0.03,2.0,0.7,0.05,0.995,0.9952,1.0462218649517685,1.0377205927065578,1.0175436422683994,False,1.0665322580645162,0.5756,-0.18233625593733302,-0.03766415681876156,-0.9999999793399631
50,0.3,1,5.0,1.0,0.2,0.05,3.0,0.03,2.0,0.7,0.08,0.95,0.9852,1.0970361347949655,1.007627687021608,1.0660373209239153,False,1.1170731707317074,0.5344,0.12547025390065142,0.04047753108067172,-0.9999943857317477
50,0.3,1,5.0,1.0,0.2,0.05,3.0,0.03,2.0,0.7,0.08,0.98,0.992,1.0826612903225807,1.0471807114455485,1.0523276655592706,False,1.1079660331581076,0.5624,-0.013162040975077458,0.0017774084096391274,-0.9999993109053266
50,0.3,1,5.0,1.0,0.2,0.05,3.0,0.03,2.0,0.7,0.08,0.99,0.9924,1.0773881499395406,1.0597084827718677,1.0472968130247955,False,1.1029766693483507,0.566,-0.32438340772195096,-0.087836740516147,-0.9999998691248279
50,0.3,1,5.0,1.0,0.2,0.05,3.0,0.03,2.0,0.7,0.08,0.995,0.9964,1.0714572460859093,1.0626703781089242,1.0416373137728392,False,1.095257234726688,0.5744,-0.08890220832019953,-0.015150428826860306,-0.9999999572617262
50,0.3,1,5.0,1.0,0.2,0.05,3.0,0.03,2.0,0.7,0.1,0.95,0.9848,1.1023558082859464,1.0123508419561633,1.0711090854922016,False,1.1436781609195403,0.538,-0.00085987689873026,0.005008400320337916,-0.999991789819152
50,0.3,1,5.0,1.0,0.2,0.05,3.0,0.03,2.0,0.7,0.1,0.98,0.994,1.110261569416499,1.073519271652927,1.0786446800755687,False,1.1388329979879275,0.5652,0.2744655397805107,0.08210525901296563,-0.9999990130983248
50,0.3,1,5.0,1.0,0.2,0.05,3.0,0.03,2.0,0.7,0.1,0.99,0.9912,1.1004842615012107,1.0822752543147218,1.069324864454312,False,1.1236863379143087,0.5668,-0.027260935771494816,-0.0012653712188288061,-0.9999997683119695
50,0.3,1,5.0,1.0,0.2,0.05,3.0,0.03,2.0,0.7,0.1,0.995,0.996,1.0927710843373495,1.083740039850067,1.0619703512354333,False,1.1314611314611314,0.5836,-0.06939981566324588,-0.016225545599310696,-0.9999999659839172
50,0.3,1,5.0,1.0,0.2,0.05,3.0,0.03,2.0,1.0,0.03,0.95,0.9864,1.0340632603406326,0.9516047901704833,0.99830109651818,False,1.0479869865799105,0.5292,-0.023762486600863924,0.0026377325026867883,-0.9999976043524321
50,0.3,1,5.0,1.0,0.2,0.05,3.0,0.03,2.0,1.0,0.03,0.98,0.99,1.031919191919192,0.9987122089304972,0.9962837795437429,False,1.0476966979209132,0.5628,0.3107452567317024,0.0477835431692491,-0.9999997540219352
50,0.3,1,5.0,1.0,0.2,0.05,3.0,0.03,2.0,1.0,0.03,0.99,0.9924,1.026199113260782,1.0096701921581626,0.9909007868021741,False,1.0407751312071054,0.5668,-0.20615974733750309,-0.017501422329681018,-0.9999999155858078
50,0.3,1,5.0,1.0,0.2,0.05,3.0,0.03,2.0,1.0,0.03,0.995,0.9956,1.0233025311370028,1.0150573624044366,0.9881743077352241,False,1.0361736334405145,0.5668,0.05641277797806892,0.011843940772659043,-0.9999999836222014
50,0.3,1,5.0,1.0,0.2,0.05,3.0,0.03,2.0,1.0,0.05,0.95,0.9832,1.049227013832384,0.9651147923934495,1.0125621708775097,False,1.0715746421267893,0.526,-0.0516783739318465,-0.0021620774953631933,-0.9999963686928992
50,0.3,1,5.0,1.0,0.2,0.05,3.0,0.03,2.0,1.0,0.05,0.98,0.9916,1.0391286809197258,1.0056023067823487,1.003066195104347,False,1.0678787878787879,0.5528,-0.18267984667491205,-0.022611309323409007,-0.9999995101542384
50,0.3,1,5.0,1.0,0.2,0.05,3.0,0.03,2.0,1.0,0.05,0.99,0.996,1.0493975903614459,1.0323510175716546,1.0127225310149481,False,1.064710610932476,0.568,0.026259371906558276,0.009564376016218304,-0.9999998925707876
50,0.3,1,5.0,1.0,0.2,0.05,3.0,0.03,2.0,1.0,0.05,0.995,0.9936,1.039049919484702,1.0306291239069412,1.002992112666683,False,1.0657841957480947,0.5704,0.17751363904758244,0.03112885485092641,-0.9999999676231504
50,0.3,1,5.0,1.0,0.2,0.05,3.0,0.03,2.0,1.0,0.08,0.95,0.9812,1.0913167549938851,1.00254983297407,1.0520890718858764,False,1.113747954173486,0.5164,-0.05727504525287744,-0.006258587450879941,-0.9999941402768036
50,0.3,1,5.0,1.0,0.2,0.05,3.0,0.03,2.0,1.0,0.08,0.98,0.9904,1.0807754442649435,1.0453806276668594,1.0421975269384585,False,1.1040227549776513,0.5532,0.0027641795874643322,0.005847071287891101,-0.9999993672068758
50,0.3,1,5.0,1.0,0.2,0.05,3.0,0.03,2.0,1.0,0.08,0.99,0.9948,1.070767993566546,1.0532388683326541,1.032802045958994,False,1.0966706778981148,0.5616,-0.13803376934432643,-0.0191900481299837,-0.999999822303994
50,0.3,1,5.0,1.0,0.2,0.05,3.0,0.03,2.0,1.0,0.08,0.995,0.9928,1.0741337630942789,1.065316392533041,1.035962525394118,False,1.0943708609271523,0.5696,0.07159844683201813,0.019348409160923296,-0.999999964811483
50,0.3,1,5.0,1.0,0.2,0.05,3.0,0.03,2.0,1.0,0.1,0.95,0.9832,1.1078112286411717,1.0171917286433245,1.0675562252050497,False,1.1411092985318108,0.5268,0.03605801556076661,0.013766802613666316,-0.9999920859503273
50,0.3,1,5.0,1.0,0.2,0.05,3.0,0.03,2.0,1.0,0.1,0.98,0.9904,1.0941033925686592,1.058101926636534,1.0547030583014396,False,1.1285887585928023,0.5484,-0.03541490762141127,-0.0013418926935256864,-0.99999915144277
50,0.3,1,5.0,1.0,0.2,0.05,3.0,0.03,2.0,1.0,0.1,0.99,0.9916,1.0847115772488907,1.0668647688728383,1.0458916550180197,False,1.116410670978173,0.568,0.0746775592980816,0.020471642183947817,-0.999999777228469
50,0.3,1,5.0,1.0,0.2,0.05,3.0,0.03,2.0,1.0,0.1,0.995,0.9952,1.0884244372990353,1.0794434165944204,1.0493755624519647,False,1.1136731391585761,0.5636,0.10769010271637279,0.02828976387030007,-0.9999999600038232
