step,alive_ratio,c_mean,p_mean_serial,p_mean_env,pc_serial,pc_env
1,0.5777777777777777,1.0192307692307692,0.9679681844177385,0.9806059204950657,0.9865829571950026,0.9994637266584323
2,0.8855555555555555,1.027603513174404,0.9678705144970748,0.9884416183653019,0.9945871409951119,1.0157260795999776
3,0.97,1.0355097365406645,0.9677782866427264,0.937906859023096,1.0021438386311852,0.9712116844866883
4,0.9877777777777778,1.0371203599550056,0.9677594983623065,0.9899822958639257,1.003683079291391,1.0267307950354776
5,0.9988888888888889,1.0367074527252502,0.967764315016995,0.9844518605594447,1.0032884778596656,1.0205885806912152
6,0.9955555555555555,1.0379464285714286,0.9677498620881326,0.9898372199985627,1.0044725131048697,1.0273980073645796
7,0.9933333333333333,1.0425055928411633,0.9676966784227159,0.9688754842563271,1.008829199429498,1.0100581111039115
8,0.9866666666666667,1.0484234234234233,0.9676276456125213,0.9509567271904347,1.0144834888122267,0.9970053074485299
9,0.9877777777777778,1.0562429696287965,0.9675365869631504,0.9607744298934688,1.0219537178384683,1.0148112369740914
10,0.99,1.0549943883277217,0.9675511515869063,0.9597192644665097,1.020761035344211,1.0124984383821765
11,0.9866666666666667,1.0506756756756757,0.9676015308636241,0.9842649196463252,1.0166353922249565,1.0341432094932674
12,0.99,1.0549943883277217,0.9675513093286457,0.9840312582693483,1.020761201760861,1.0381474554132295
13,0.9944444444444445,1.053631284916201,0.9675672088231884,0.9599508097813773,1.0194590814751583,1.0114342051663003
14,0.9922222222222222,1.0526315789473684,0.9675790287075712,0.9490214044111377,1.0185042407448117,0.9989698993801449
15,0.9988888888888889,1.0556173526140156,0.9675443521803091,0.9860708179323657,1.0213566075852205,1.040913466315701
16,0.9933333333333333,1.0615212527964206,0.9674756425812274,0.9675498065445982,1.0269959561628466,1.0270746827861563
17,0.99,1.0617283950617284,0.9674732288672961,0.9499121444415156,1.0271937985504627,1.0085486965675352
18,0.9888888888888889,1.0617977528089888,0.9674722627609578,0.9622025501205175,1.0272598745046124,1.021664505465044
19,0.9944444444444445,1.0636871508379888,0.9674502189837272,0.9779092611905774,1.0290643670083892,1.0401895158138879
20,0.99,1.063973063973064,0.9674468865633677,0.9558048209080209,1.0293374281280276,1.0169505838617328
21,0.9933333333333333,1.0671140939597314,0.9674102436324957,0.9898456655608328,1.0323371056212538,1.0562782605649155
22,0.9933333333333333,1.0682326621923937,0.9673970380728257,0.9836860522610742,1.033405113377571,1.0508055703683734
23,0.9877777777777778,1.0708661417322836,0.9673666367940171,0.9704269538980774,1.0359201779841445,1.0391973679538469
24,0.9922222222222222,1.076147816349384,0.967305178732329,0.9805039578459334,1.0409633558362466,1.0551671931578297
25,0.9888888888888889,1.0752808988764044,0.9673151367816617,0.9820191043416704,1.0401354897753372,1.055946385230313
26,0.9944444444444445,1.0815642458100558,0.9672418357307723,0.98449320421232,1.0461341865780867,1.0647926499190232
27,0.9822222222222222,1.0757918552036199,0.9673088637400301,0.9246646602868357,1.0406229970777925,0.9947467103311999
28,0.9955555555555555,1.0803571428571428,0.9672556022559552,0.9831500366177276,1.0449814988658086,1.0621531645602236
29,0.9844444444444445,1.0812641083521444,0.9672451862449635,0.9258477967248613,1.0458475038630644,1.0010859923955044
30,0.9922222222222222,1.0806270996640537,0.9672526121191145,0.9885534279265901,1.0452393848767587,1.068257623683269
31,0.99,1.0729517396184063,0.9673421483146112,0.9630089688676041,1.0379114408403685,1.0332621484146236
32,0.9855555555555555,1.0744081172491544,0.9673251621909673,0.9591046377151956,1.0393020062773302,1.0304698080525156
33,0.9888888888888889,1.0764044943820226,0.9673017139521843,0.9613428897946423,1.0412079123215647,1.0347938072171545
34,0.9955555555555555,1.0747767857142858,0.9673205415019224,0.9469049512945836,1.0396536623508386,1.0177114599293349
35,0.9933333333333333,1.0794183445190157,0.9672663973877671,0.9842260368312725,1.044085093377176,1.062391639308924
36,0.9977777777777778,1.081291759465479,0.9672445421851096,0.9742597680527936,1.0458735528527188,1.0534590587742345
37,0.9911111111111112,1.0795964125560538,0.9672641633245925,0.9642664349722109,1.044254920719263,1.041018583944214
38,0.9833333333333333,1.0824858757062148,0.9672306171516203,0.9486847993940778,1.0470134816172343,1.026937895841273
39,0.99,1.0819304152637486,0.9672369368406364,0.9743005932391372,1.0464830607344258,1.0541254454349362
40,0.9877777777777778,1.0809898762654668,0.9672480668887677,0.9397962013730671,1.045585368144101,1.0159101794370275
41,0.9811111111111112,1.0668176670441676,0.9674130726687891,0.9082070699759129,1.0320533572525472,0.9688913475847225
42,0.9811111111111112,1.0645526613816534,0.9674394944637046,0.9527731968984471,1.029890288557058,1.014277242451348
43,1.0,1.07,0.9673759500469326,0.9637847500575094,1.0350922665502178,1.0312496825615352
44,0.9866666666666667,1.070945945945946,0.9673649153770425,0.9478388029895175,1.0359955343733869,1.015084123471882
45,0.9833333333333333,1.071186440677966,0.967362109952494,0.9528439823301755,1.0362251754067393,1.0206735539536795
46,0.9922222222222222,1.070548712206047,0.967369549196985,0.9770897734922512,1.0356162251201766,1.046022198721828
47,0.9988888888888889,1.0700778642936597,0.9673750417426256,0.9850624233205778,1.0351666186389386,1.0540934941428208
48,0.9911111111111112,1.0683856502242153,0.9673947817961877,0.9777721375638051,1.0335507029728328,1.0446377209622268
49,0.9877777777777778,1.0674915635545557,0.9674052115160835,0.9615929072454643,1.0326969018321297,1.0264923160584316
50,0.9911111111111112,1.0672645739910314,0.967407859399837,0.9372079945402902,1.0324801369379426,1.0002488910340317
51,0.9966666666666667,1.069119286510591,0.9673862237657058,0.9730986039519611,1.0342512693325663,1.0403584851615728
52,0.9911111111111112,1.0672645739910314,0.9674078593998371,0.9631587901803794,1.0324801369379426,1.02794525588758
53,0.9922222222222222,1.0649496080627099,0.9674348639923672,0.9832136733335293,1.0302693792348725,1.0470730160584392
54,0.9922222222222222,1.076147816349384,0.9673043917900571,0.9612748713122014,1.040962508970039,1.0344738536741607
55,0.9955555555555555,1.0758928571428572,0.9673073654189481,0.9846355027348415,1.040719085115922,1.0593623042816822
56,0.9911111111111112,1.0795964125560538,0.9672641633245923,0.9779859452267562,1.0442549207192626,1.0558301179970473
57,0.9933333333333333,1.0827740492170022,0.9672272523459708,0.9588182846944905,1.047288568535682,1.0381835565819537
58,0.9866666666666667,1.0833333333333333,0.9672207302968302,0.9502860170084712,1.047822457821566,1.0294765184258436
59,0.9955555555555555,1.0859375,0.9671903492870199,0.9667749574797755,1.050308269928873,1.0498571803881938
60,0.9911111111111112,1.0896860986547086,0.9671466224566466,0.9474388512179622,1.0538862298518616,1.0324109454976
61,0.9855555555555555,1.0924464487034948,0.9671148994949192,0.938161852205889,1.0565212374414619,1.0248915837514163
62,0.9888888888888889,1.0910112359550561,0.9671316389003429,0.9449776067398726,1.0551514846879022,1.0309811866791194
63,0.9944444444444445,1.0916201117318436,0.967124374781066,0.981071367214982,1.0557324180570966,1.0709572354961312
64,0.9955555555555555,1.0959821428571428,0.9670734900165757,0.9844078242687068,1.0598952758887024,1.0788933966873548
65,0.99,1.0931537598204264,0.9671064872549087,0.9766384574091921,1.0571960926894286,1.0676160017020797
66,0.9888888888888889,1.098876404494382,0.9670402038949584,0.9497147551161781,1.0626576622576058,1.0436191353973283
67,0.9911111111111112,1.0986547085201794,0.967043415914714,0.9320389878891998,1.0624468022381388,1.023989022568852
68,0.9844444444444445,1.0970654627539504,0.9670618078998113,0.9529431845545595,1.0609301097952784,1.045441055741571
69,0.9888888888888889,1.0865168539325842,0.9671835931095022,0.9727338301320849,1.050861274760549,1.0568917008289058
70,0.9955555555555555,1.0892857142857142,0.967151291622549,0.9837907526856112,1.0535040855174194,1.0716292127468263
71,0.9933333333333333,1.0917225950782998,0.9671228655678475,0.9587368741462903,1.0558298845572922,1.0466747082402454
72,0.9888888888888889,1.0898876404494382,0.9671442721349337,0.9897485824765369,1.0540785887313322,1.078714747193529
73,0.9944444444444445,1.0849162011173183,0.967202263316208,0.9898115648988043,1.0493334052290926,1.0738626028119989
74,0.9977777777777778,1.0790645879732739,0.9672703661238856,0.9844231658041166,1.0437471990802285,1.062256177799765
75,0.9944444444444445,1.0860335195530726,0.9671892295481017,0.9590770413351546,1.0503999230399494,1.0415898147237657
76,0.9888888888888889,1.0853932584269663,0.967196700101025,0.9607676114032228,1.0497887778624608,1.0428106883320374
77,0.9922222222222222,1.0884658454647256,0.9671608566286706,0.9636356168580406,1.0527215595107142,1.0488844564233095
78,0.9866666666666667,1.0844594594594594,0.9672075937850563,0.9815714998988347,1.0488974243412266,1.0644744982011012
79,0.9911111111111112,1.0795964125560538,0.9672641633245925,0.9793833525739221,1.044254920719263,1.057338753955927
80,0.9911111111111112,1.0773542600896862,0.9672903185318912,0.9713969190292324,1.0421143454138424,1.0465386089541395
81,0.9911111111111112,1.0773542600896862,0.9672903185318912,0.9630130130738968,1.0421143454138424,1.0375061721569674
82,0.9955555555555555,1.0803571428571428,0.9672554453944712,0.9691935999287343,1.044981329399384,1.0470752284944362
83,0.9877777777777778,1.0809898762654668,0.9672480668887677,0.9307377024141901,1.045585368144101,1.0061180337683202
84,0.9866666666666667,1.0822072072072073,0.9672341833579053,0.9673876196288531,1.0467478042871026,1.0469138541253693
85,0.9944444444444445,1.0849162011173183,0.9672025773897048,0.9887669607678323,1.0493337459725176,1.0727292948665532
86,0.9955555555555555,1.0803571428571428,0.9672557591174392,0.9672208022569032,1.0449816683322333,1.0449439024382614
87,0.9922222222222222,1.0795072788353863,0.967265675078191,0.9739170380702803,1.044170336814531,1.0513505315786675
88,0.9911111111111112,1.0829596412556053,0.9672254032083407,0.9634597666103325,1.0474660756718128,1.0433880432125349
89,0.9944444444444445,1.0815642458100558,0.967241678694024,0.9810072787611975,1.0461340167327544,1.06102239758753
90,0.9888888888888889,1.0752808988764044,0.9673148209437074,0.9527366891785716,1.0401351501608178,1.024459563532464
91,0.9922222222222222,1.078387458006719,0.967278580648813,0.9552256981716889,1.0431010897702206,1.030103412474061
92,0.9944444444444445,1.0815642458100558,0.9672415216572758,0.987183915531355,1.0461338468874224,1.0677028270774878
93,0.9977777777777778,1.081291759465479,0.9672445421851096,0.9803681060742743,1.0458735528527188,1.0600639543408914
94,0.9911111111111112,1.086322869955157,0.9671860128324936,0.953124303318418,1.05067628524068,1.0354007286048734
95,0.9922222222222222,1.0929451287793952,0.9671087621808193,0.985318952873446,1.056996810625397,1.0768995498370473
96,0.9833333333333333,1.088135593220339,0.9671647119400087,0.9555404357378937,1.0524063475686196,1.0397575588876742
97,0.9922222222222222,1.0806270996640537,0.9672522973422056,0.9625836113018346,1.0452390447203006,1.0401939360652523
98,0.9911111111111112,1.0840807174887892,0.9672124812711768,0.9781413895737325,1.0485364006605693,1.0603842194145732
99,0.9933333333333333,1.087248322147651,0.9671755286999568,0.9867731238105107,1.0515599708012953,1.0728674232033741
100,0.99,1.0909090909090908,0.9671331431417718,0.9556531709500654,1.0550543379728419,1.042530731945526
101,0.9911111111111112,1.094170403587444,0.9670950979681296,0.9660436490512062,1.058166833651227,1.0570163693654455
102,0.9955555555555555,1.1004464285714286,0.9670221955480969,0.9786545171563643,1.0641561214402049,1.076956868210017
103,0.9966666666666667,1.100334448160535,0.9670230320807459,0.9734232651009604,1.064048754363095,1.0710911512314916
104,0.9855555555555555,1.109357384441939,0.966917946573781,0.9370926104631775,1.0726575641810603,1.0395706073232995
105,0.9944444444444445,1.1072625698324023,0.9669422161010724,0.9806215857760183,1.0706589230795116,1.0858055770994797
106,0.9922222222222222,1.1119820828667413,0.966887321430337,0.9754161124612104,1.0751613775815505,1.0846452403963962
107,0.9944444444444445,1.1039106145251396,0.9669811603686435,0.9552937656167302,1.0674607669767817,1.0545589278539993
108,0.9922222222222222,1.0985442329227324,0.9670437621623457,0.9547512440902564,1.0623403479073472,1.048836473071155
109,0.9955555555555555,1.1004464285714286,0.9670215699920988,0.9833916269886467,1.0641554330493408,1.0821698038067027
110,0.9911111111111112,1.1076233183856503,0.9669381686227503,0.9728166849648707,1.071003263003674,1.077514444781718
111,0.9966666666666667,1.10479375696767,0.9669711699381246,0.9859587612963214,1.068303711715364,1.0892810841077532
112,0.9922222222222222,1.1119820828667413,0.9668876362072456,0.9828260317831411,1.075161727607833,1.0928849379178713
113,0.99,1.1032547699214366,0.9669892876920149,0.9782532450445681,1.0668355441091477,1.0792625587865436
114,0.98,1.1043083900226758,0.9669771692073761,0.9390291283313305,1.067841000916082,1.0369777448919681
115,0.9877777777777778,1.0978627671541057,0.9670520313461576,0.9144920274687471,1.0616904191156915,1.003986747817207
116,0.9944444444444445,1.0983240223463686,0.967046486245924,0.9839747196067608,1.0621303865695455,1.0807230719256378
117,0.9911111111111112,1.0908071748878925,0.9671338599827949,0.9639889392438336,1.054956553546255,1.0515260514397422
118,0.9911111111111112,1.0908071748878925,0.9671337024178961,0.9889322804422548,1.054956381673333,1.078734426984657
119,0.9933333333333333,1.0861297539149888,0.9671881073041746,0.9710557163755481,1.050491780975787,1.0546925062647172
120,0.9988888888888889,1.0912124582869855,0.9671288146782535,0.9872538871215467,1.0553430113452356,1.0773037411192852
121,0.9933333333333333,1.0883668903803132,0.9671620106096438,0.9898214306248402,1.0526271099811895,1.0772888724809502
122,0.9911111111111112,1.0919282511210762,0.9671204672493479,0.9790107758361952,1.0560261604269785,1.0690095242875046
123,0.9922222222222222,1.0929451287793952,0.9671084474039103,0.9753584875643546,1.0569964665915077,1.0660133077970997
124,0.9922222222222222,1.0873460246360582,0.9671737621992926,0.9399560543575689,1.0516525454597012,1.0220574790382972
125,0.9944444444444445,1.0871508379888268,0.9671760387432469,0.9873090353660671,1.051466241002435,1.07335384515216
126,0.9966666666666667,1.0903010033444815,0.9671396043866859,0.9860341623065538,1.0544732810369886,1.075074036494771
127,0.9944444444444445,1.094972067039106,0.9670852734767468,0.9781272908197703,1.0589313609019126,1.0710220614562849
128,0.99,1.095398428731762,0.9670803026927196,0.9730942413613637,1.0593382440270418,1.0659259029951638
129,0.9955555555555555,1.0982142857142858,0.9670474515735952,0.988953263456236,1.0620253262817163,1.0860826018314023
130,0.9955555555555555,1.0982142857142858,0.9670474515735953,0.9861988017463755,1.0620253262817163,1.0830576126321803
131,0.9911111111111112,1.095291479820628,0.9670815495681971,0.9736614407184875,1.0592361815337765,1.0664430802488367
132,0.9922222222222222,1.0940649496080628,0.9670956992217428,0.9438116924253653,1.0580655074352103,1.0325912917128577
133,0.9911111111111112,1.0908071748878925,0.9671335448529972,0.9709752697726826,1.0549562098004106,1.0591467909067491
134,0.9933333333333333,1.0894854586129754,0.9671489622623786,0.9861685172398608,1.0536947306974909,1.0744162592747477
135,0.9922222222222222,1.0907054871220605,0.9671347307105176,0.9687241967266234,1.0548591575722779,1.0565927968776385
136,0.9955555555555555,1.09375,0.9670995284595563,0.9867292654640177,1.0577651092526397,1.0792351341012694
137,0.9944444444444445,1.0960893854748603,0.9670722397086402,0.948439140814446,1.0599976169320402,1.0395740750156106
138,0.9922222222222222,1.097424412094065,0.9670566677329677,0.9679574205655433,1.0612715950484977,1.062260103196229
139,0.9922222222222222,1.100783874580067,0.9670174788557383,0.9728998289246651,1.0644772471614676,1.0709524432619772
140,0.9966666666666667,1.0992196209587515,0.967035566728222,0.9531807732193677,1.0629844691126276,1.0477550082433629
141,0.9966666666666667,1.0947603121516165,0.9670877422440646,0.967010497031361,1.058729278577114,1.0586447135839425
142,0.9866666666666667,1.09009009009009,0.967142069500837,0.9592659229953052,1.0542719856720837,1.0456862764183057
143,0.9866666666666667,1.0889639639639639,0.9671553642872617,0.9467980011348698,1.053197339263268,1.0310289043889853
144,0.9944444444444445,1.0860335195530726,0.9671895436215983,0.9668698991166312,1.0504002641342944,1.0500531194875593
145,0.9911111111111112,1.0829596412556053,0.9672252456434418,0.9826689009578736,1.0474659050353865,1.0641907604543788
146,0.9844444444444445,1.082392776523702,0.9672318614477343,0.9566826349529347,1.0469247800546018,1.0355063734987182
147,0.9888888888888889,1.0865168539325842,0.9671837510284795,0.9823347826810731,1.0508614463421795,1.0673232975871885
148,0.9966666666666667,1.0903010033444815,0.9671397610732965,0.9785794372566097,1.0544734518725574,1.0669461422931596
149,0.9944444444444445,1.0905027932960893,0.9671372515124242,0.9775479669836208,1.0546658742750012,1.0660187885765517
150,0.99,1.0920314253647587,0.9671194217942639,0.9638997001453088,1.0561248006799313,1.0526087634583452
151,0.9944444444444445,1.0871508379888268,0.9671765098534917,0.9602623220423478,1.0514667531703323,1.0439499880974352
152,0.9855555555555555,1.0913190529875987,0.9671278923636515,0.9534718993930773,1.0554450956121924,1.0405420502959402
153,0.9966666666666667,1.0880713489409142,0.9671657704879124,0.9879084987106761,1.0523453645442615,1.0749149328223186
154,0.9922222222222222,1.0907054871220605,0.967135515756502,0.9831871708965297,1.0548600138262407,1.07236764216486
155,0.9811111111111112,1.0804077010192525,0.967254860241061,0.9381725003158823,1.0450295998527432,1.0136087942257663
156,0.9877777777777778,1.0731158605174353,0.9673399190340848,0.9618069359344219,1.038067809627128,1.032130277706905
157,0.9911111111111112,1.0807174887892377,0.9672515584156394,0.9482262654461961,1.0453256752384263,1.0247647083970102
158,0.9944444444444445,1.089385474860335,0.9671507563907756,0.9815382869620923,1.0535999860122973,1.0692735528357988
159,0.9888888888888889,1.0932584269662922,0.9671057407552517,0.9604428947035366,1.0572965008481572,1.0500122882545406
160,0.9833333333333333,1.0870056497175142,0.9671785282270305,0.934446320681138,1.0513285244682524,1.015748429938141
161,0.9911111111111112,1.0908071748878925,0.9671341751125925,0.967390780462374,1.0549568972920993,1.0552368042487557
162,0.9922222222222222,1.0940649496080628,0.9670964861640144,0.9749053743387032,1.058066368401167,1.0666097992485029
163,0.9911111111111112,1.0852017937219731,0.9671995631308394,0.9723110712219584,1.0496067007966958,1.0551537185458024
164,0.9877777777777778,1.076490438695163,0.9673008700221766,0.989028338378553,1.0412901379203858,1.0646795498630766
165,0.9933333333333333,1.0782997762863535,0.9672799173722464,0.9728962374645184,1.043017718508776,1.0490737952078253
166,0.9933333333333333,1.0782997762863535,0.9672800745846509,0.9747242955124265,1.0430178880308765,1.051044989791923
167,0.99,1.0808080808080809,0.967250975572167,0.9648390913447139,1.0454126705678977,1.0428058866048928
168,0.9911111111111112,1.0829596412556053,0.9672258759030371,0.9804501806850903,1.0474665875810916,1.0617879759437188
169,0.9944444444444445,1.0804469273743016,0.9672550265356272,0.98093191435635,1.045067721407767,1.0598448728297098
170,0.99,1.0819304152637486,0.9672380410328117,0.9864461195220755,1.0464842553935247,1.0672660597298325
171,0.9911111111111112,1.0807174887892377,0.967252031110336,0.9643154993186982,1.045326186087852,1.0421526248242434
172,0.9911111111111112,1.0795964125560538,0.9672647935841877,0.9630159967409765,1.0442556011452608,1.0396686153156505
173,0.9911111111111112,1.0762331838565022,0.967303868830237,0.9583218056350761,1.0410445225078784,1.03137772803775
174,0.9877777777777778,1.076490438695163,0.9673011862154044,0.9392639713089639,1.0412904782993722,1.0111086845249475
175,0.9955555555555555,1.0837053571428572,0.9672171720374207,0.9708508685900392,1.0481784308575175,1.0521162872778216
176,0.9933333333333333,1.080536912751678,0.9672539778901202,0.9770542056682257,1.0451536271161703,1.0557431349837876
177,0.9911111111111112,1.0852017937219731,0.9672000339271225,0.9770249221338185,1.0496072117056665,1.060269198010691
178,0.9866666666666667,1.0833333333333333,0.967221678037769,0.9877248121352278,1.0478234845409164,1.0700352131464967
179,0.9944444444444445,1.0804469273743016,0.9672553387170738,0.9888857681991294,1.0450680587032517,1.0684385897749253
180,0.9977777777777778,1.0846325167037862,0.9672065086957866,0.9769568786660934,1.0490636296989935,1.0596391980186803
181,0.9933333333333333,1.0894854586129754,0.9671500608550445,0.9872914209182132,1.0536959275982252,1.0756396465037357
182,0.99,1.085297418630752,0.9671986045472446,0.9498467204127174,1.04969814881839,1.030866193758808
183,0.9911111111111112,1.086322869955157,0.9671863279622913,0.9886146182520531,1.050676627573386,1.0739546693791924
184,0.9922222222222222,1.0828667413213886,0.9672264862009614,0.95782237905443,1.0473773932321722,1.0371939983713705
185,0.98,1.09297052154195,0.9671084718572788,0.9348149024616963,1.0570210508734883,1.0217251314887474
186,0.9911111111111112,1.086322869955157,0.9671858552675948,0.9420327571504469,1.0506761140743268,1.0233517283394429
187,0.99,1.0886644219977553,0.9671583831540691,0.9451767479598231,1.0529109221767081,1.0289802980033989
188,0.9944444444444445,1.0793296089385476,0.9672671180832437,0.9834386484360224,1.0440000402999035,1.0614544518315059
189,0.9844444444444445,1.0767494356659142,0.9672972163784421,0.9476978273217673,1.0415367318566973,1.020433100750526
190,0.99,1.0763187429854097,0.96730224050437,0.9663134979639717,1.041125531586634,1.0400613294584162
191,0.9833333333333333,1.073446327683616,0.9673357478678494,0.9542040173191171,1.038383006185827,1.0242867982521597
192,0.9955555555555555,1.0803571428571428,0.967255131671503,0.9859311127139042,1.0449809904665344,1.065157719985557
193,0.9866666666666667,1.0777027027027026,0.9672862545810493,0.9752401833592584,1.0424470108491712,1.0510189813905522
194,0.9944444444444445,1.0737430167597766,0.967332286923776,0.9830268898878475,1.038666287970669,1.055518258304158
195,0.9888888888888889,1.0752808988764044,0.9673143471867756,0.9449882631270443,1.0401346407390384,1.0161278290029003
196,0.9888888888888889,1.0808988764044944,0.9672488122291616,0.9716149197923409,1.0454981543420825,1.0502174751013844
197,0.9877777777777778,1.0821147356580427,0.9672347870571086,0.9664677426532365,1.0466590159155664,1.0458289858632324
198,0.9922222222222222,1.083986562150056,0.967212951076522,0.955862395032715,1.0484458417044493,1.0361419914800314
199,0.9844444444444445,1.0869074492099322,0.9671788795226771,0.9467792736639278,1.0512339288717134,1.0290614453028921
200,0.9955555555555555,1.0881696428571428,0.9671644677055234,0.9714108693233534,1.052439013407238,1.05705981873914
201,0.9933333333333333,1.0861297539149888,0.9671881073041748,0.9683464408501403,1.0504917809757872,1.0517498815050181
202,0.9911111111111112,1.0795964125560538,0.9672643208894912,0.9834972576739442,1.0442550908257624,1.061780111143507
203,0.9877777777777778,1.0832395950506186,0.9672218234186771,0.9648637979996247,1.0477329763241687,1.0451786698241154
204,0.9933333333333333,1.092841163310962,0.967109974432987,0.9799202771301653,1.0568975895089803,1.0708972156109302
205,0.9922222222222222,1.0940649496080628,0.9670956992217428,0.963710582506549,1.0580655074352103,1.0543619698867843
206,0.9866666666666667,1.0844594594594594,0.9672075937850562,0.9797092152298211,1.0488974243412263,1.062454925975583
207,0.9933333333333333,1.0850111856823266,0.9672013128638446,0.9849409474718294,1.049424243263903,1.0686719452434836
208,0.9977777777777778,1.0913140311804008,0.967128099692428,0.9876926019643332,1.0554404651431841,1.0778827950167555
209,0.9933333333333333,1.0850111856823266,0.9672014700762493,0.9739840678028334,1.0494244138411206,1.0567836082424478
210,0.9922222222222222,1.0873460246360582,0.9671742343646558,0.9886574843326397,1.0516530588668318,1.0750127853157818
211,0.9911111111111112,1.0818385650224216,0.9672383232470914,0.9733780950891261,1.0463957196563265,1.0530379616154784
212,0.9944444444444445,1.0871508379888268,0.9671763528167435,0.9807568383287866,1.0514665824476999,1.0662306186524126
213,0.9922222222222222,1.0895856662933932,0.9671479510580484,0.9662395947353325,1.0537905446578737,1.0528008126287554
214,0.9922222222222222,1.0895856662933932,0.9671479510580485,0.9692254278752195,1.0537905446578737,1.05605413361992
215,0.99,1.0886644219977553,0.9671585408958083,0.9859026360382083,1.0529110939045274,1.0733171234085992
216,0.9966666666666667,1.0880713489409142,0.9671654571146914,0.9766021830593321,1.0523450235718381,1.062612854700009
217,0.9911111111111112,1.0829596412556053,0.9672249305136442,0.9840883312384496,1.0474655637625339,1.0657279461618188
218,0.9922222222222222,1.0929451287793952,0.9671084474039104,0.931039780116341,1.056996466591508,1.0175753923779942
219,0.9911111111111112,1.0874439461883407,0.9671726200990465,0.9387190830703843,1.051746010645824,1.0208043840563596
220,0.9966666666666667,1.0914158305462653,0.9671262863061567,0.9858501086563601,1.0555369390119593,1.0759724151333072
221,0.9955555555555555,1.0881696428571428,0.9671639971210713,0.9690905586333266,1.0524385013315227,1.0545349270842561
222,0.9944444444444445,1.0916201117318436,0.9671237466340729,0.9791029619091114,1.0557317323592057,1.0688084846762032
223,0.9911111111111112,1.0908071748878925,0.9671332297231995,0.9649031446285063,1.0549558660545664,1.0525232732326646
224,0.9822222222222222,1.091628959276018,0.9671236434255018,0.929332779735987,1.0557401763638112,1.0144865751642844
225,0.9866666666666667,1.0855855855855856,0.967194140723981,0.9442859755000521,1.0499720176327902,1.02510324367348
226,0.9866666666666667,1.0844594594594594,0.967207277235755,0.9812972241035249,1.0488970810563423,1.0641770572203766
227,0.9922222222222222,1.0884658454647256,0.9671608566286706,0.9800483590848396,1.0527215595107142,1.066749165767597
228,0.9922222222222222,1.0884658454647256,0.9671608566286706,0.9618178218576098,1.0527215595107142,1.046905848651284
229,0.9877777777777778,1.0843644544431945,0.9672087016836319,0.9786513225297547,1.048806736133882,1.0612147074450884
230,0.9888888888888889,1.0786516853932584,0.9672751841311844,0.9536864848206262,1.0433530076021764,1.0286955341885407
231,0.9944444444444445,1.0782122905027933,0.9672803088880985,0.9831115442550392,1.042933517404486,1.060002949950964
232,0.99,1.0819304152637486,0.9672369368406364,0.9869362665375856,1.0464830607344258,1.0677963646938635
233,0.9922222222222222,1.0828667413213886,0.9672260140355985,0.9799438181122713,1.0473768819400042,1.0611485689972748
234,0.9911111111111112,1.0807174887892377,0.967251085720943,0.9480639992336422,1.0453251643890011,1.0245893444632634
235,0.99,1.0875420875420876,0.9671716331769029,0.9693963127346965,1.0518398569566991,1.0542592896070941
236,0.9922222222222222,1.0851063829787233,0.9672000455059,0.9756265774506482,1.0495149429957638,1.0586586265953841
237,0.9933333333333333,1.0838926174496644,0.9672142039987055,0.9851204129446827,1.0483563352066505,1.0677647428897064
238,0.9911111111111112,1.0795964125560538,0.9672643208894912,0.9613856200895271,1.0442550908257624,1.0379084665316307
239,0.9877777777777778,1.0742407199100112,0.9673267972990395,0.9601901432501102,1.0391418351187658,1.0314753507354952
240,0.9933333333333333,1.0727069351230425,0.9673445302589548,0.9804142022704713,1.0376771862621226,1.05169711406866
241,0.9966666666666667,1.0758082497212933,0.9673083522084684,0.9780851798523287,1.0406383053301806,1.0522321054152701
242,0.9877777777777778,1.0731158605174353,0.9673396028408571,0.9784290714078964,1.0380674703151604,1.04996775491916
243,0.99,1.0684624017957352,0.9673938864720322,0.9731490545559329,1.0336239954224182,1.039773176136081
244,0.9944444444444445,1.0737430167597766,0.9673322869237758,0.9764139608620843,1.0386662879706687,1.0484176719424168
245,0.9888888888888889,1.0808988764044944,0.9672488122291616,0.9778544634202802,1.0454981543420825,1.0569617907981006
246,0.9911111111111112,1.0751121076233183,0.9673163161742911,0.9766690095006578,1.0399734834205663,1.050028677254631
247,0.9966666666666667,1.0780379041248607,0.9672821861072419,0.9754424535693319,1.0427668606083644,1.0515639382402944
248,0.9855555555555555,1.0777903043968433,0.9672852328662378,0.9412956035041868,1.0425306455694738,1.014519275028188
249,0.9877777777777778,1.0753655793025871,0.9673135174673805,0.9571331108575382,1.040215661078533,1.029268002227004
250,0.99,1.0774410774410774,0.9672893059650148,0.986294636869852,1.0421972320161776,1.0626743562234096
251,0.9911111111111112,1.0751121076233183,0.9673164737391899,0.9671553300083574,1.0399736528204968,1.0398004052444112
252,0.9888888888888889,1.0730337078651686,0.9673407190887983,0.9433145874827723,1.0379891985728116,1.0122083494899412
253,0.9955555555555555,1.0736607142857142,0.9673335607234126,0.9817676602012092,1.0385880417588425,1.0540853673142445
254,0.9944444444444445,1.0748603351955308,0.967319567229166,0.9816006071105937,1.0397334342731372,1.0550835575870292
255,0.9855555555555555,1.0665163472378805,0.9674167460844483,0.9652058075877401,1.0317657742907418,1.0294077722412651
256,0.9866666666666667,1.0585585585585586,0.967509733555857,0.939674485764759,1.024165708944263,0.9947004691653981
257,0.9966666666666667,1.0624303232998886,0.967464565382775,0.9800480028514547,1.0278636909808079,1.041232716518881
258,0.9933333333333333,1.0604026845637584,0.9674882192912789,0.9655307303237216,1.0259271050202823,1.0238513784640806
259,0.9944444444444445,1.0558659217877095,0.9675409842502273,0.9660861764982532,1.021593553202754,1.020057471274692
260,0.9944444444444445,1.0625698324022346,0.9674627816415886,0.9822831087360443,1.0279967657443025,1.0437443982212045
261,0.9888888888888889,1.0629213483146067,0.9674586820125033,0.9572670447463066,1.0283324867234023,1.0174995778988831
262,0.9955555555555555,1.0669642857142858,0.9674115191908701,0.9696653993745689,1.032193540565259,1.0345983502255445
263,0.9844444444444445,1.0711060948081264,0.9673632058368689,0.9660038369894907,1.0361486256649983,1.0346925974074792
264,0.9866666666666667,1.072072072072072,0.967351937139919,0.9452518724050045,1.0370709956725257,1.013378133479239
265,0.9966666666666667,1.0746934225195095,0.9673213569157766,0.9889707919345936,1.039573899740032,1.062840405156018
266,0.9944444444444445,1.071508379888268,0.9673585114967371,0.9720777668372635,1.0365327514249953,1.041589473069202
267,0.9911111111111112,1.0706278026905829,0.9673687841537877,0.9837226036947453,1.0356919157700304,1.0532007696507641
268,0.9933333333333333,1.0693512304250559,0.9673836753007511,0.9740327375247615,1.0344729234759709,1.0415831063463892
269,0.9911111111111112,1.0650224215246638,0.9674341721720346,0.9698244434793781,1.0303390847123688,1.0328847772482166
270,0.9844444444444445,1.0665914221218962,0.9674158704980664,0.9567818216556978,1.031837469097825,1.020495283820129
271,0.9922222222222222,1.059350503919373,0.9675003361762037,0.9713492445672911,1.024921968670424,1.0289993117140621
272,0.9888888888888889,1.057303370786517,0.967524216970117,0.970876027764592,1.02296661592009,1.0265104967713272
273,0.9933333333333333,1.0615212527964206,0.9674750137316087,0.9581615328971984,1.0269952886256115,1.0171088307823728
274,0.9944444444444445,1.0581005586592178,0.9675147596772661,0.9824969403785514,1.023727907725554,1.0395805614955174
275,0.9911111111111112,1.061659192825112,0.967473247418084,0.9862107040229913,1.027126866933773,1.0470196599885344
276,0.9933333333333333,1.0604026845637584,0.9674879048664696,0.9815100139822932,1.0259267716033704,1.0407958537530357
277,0.9844444444444445,1.0609480812641083,0.9674815426926338,0.9359107036073194,1.0264476863781893,0.9929526652267271
278,0.9855555555555555,1.059751972942503,0.9674954955622859,0.9609615529408477,1.025305260235117,1.0183809016509549
279,0.9922222222222222,1.0615901455767078,0.9674740528695965,0.9858413716243835,1.0270609206275225,1.0465594852182705
280,0.9844444444444445,1.064334085778781,0.9674420441967355,0.9543240420949297,1.0296815436540876,1.015719606879818
281,0.9911111111111112,1.0650224215246638,0.9674340146071359,0.9735614462790204,1.0303389169022188,1.0368647690191362
282,0.9888888888888889,1.0707865168539326,0.9673667751528665,0.9684767611415737,1.0358432996861593,1.0370318577167636
283,0.9955555555555555,1.0669642857142858,0.9674113623293861,0.9788265167264275,1.0321933731996575,1.044372935257215
284,0.9933333333333333,1.0727069351230425,0.9673443730465502,0.9824915784424467,1.037677017619286,1.0539255298951973
285,0.9944444444444445,1.0726256983240223,0.9673453206918824,0.9720754274699762,1.0375994501276056,1.0426730842136058
286,0.9855555555555555,1.064261555806088,0.9674430487280904,0.9395383470181209,1.0296124441931425,0.9999145429369855
287,0.9955555555555555,1.0602678571428572,0.9674896345198116,0.976766181991957,1.0257981616002467,1.0356337867102223
288,0.9866666666666667,1.0484234234234233,0.9676276456125215,0.9508767621627163,1.0144834888122267,0.9969214702404153
289,0.9922222222222222,1.051511758118701,0.9675916195012847,0.9769966039514217,1.017433964962717,1.0273234166969598
290,0.9922222222222222,1.0503919372900337,0.9676046824603612,0.9876298019497463,1.0163641569404467,1.0373983809953662
291,0.9911111111111112,1.0504484304932735,0.967604023454578,0.9503782662349093,1.016418127776838,0.998323358141379
292,0.9911111111111112,1.0515695067264574,0.9675909458509286,0.9702659881538925,1.0174891336414473,1.0203021265564476
293,0.9922222222222222,1.0503919372900337,0.967604682460361,0.9690695518583904,1.0163641569404465,1.0179028439453195
294,0.9911111111111112,1.0504484304932735,0.967604023454578,0.9579405829333195,1.016418127776838,1.006267181848117
295,0.9955555555555555,1.0546875,0.9675547306272628,0.9860996014594848,1.0204678799584412,1.0400269234143005
296,0.9922222222222222,1.0559910414333706,0.9675395250534331,0.9773102294858402,1.0217130706891235,1.0320308470382389
297,0.99,1.0572390572390573,0.9675249670247172,0.978102469661325,1.022905183992462,1.0340881329079328
298,0.9966666666666667,1.0568561872909699,0.967529588919315,0.9875575915020329,1.0225396324364666,1.0437063508850917
299,0.9877777777777778,1.0596175478065242,0.9674973798546285,0.9682835143115949,1.0251772011507987,1.0260102030163356
300,0.9822222222222222,1.0565610859728507,0.9675328769594419,0.8949624120825491,1.0222575871947044,0.94558245801482
301,0.9877777777777778,1.062992125984252,0.9674578565528785,0.9776186684386446,1.028400083737312,1.0392009467654886
302,0.9933333333333333,1.0615212527964206,0.9674750137316088,0.9625298420489455,1.0269952886256117,1.0217458837857376
303,0.99,1.063973063973064,0.9674464133381497,0.9766984032858006,1.0293369246291426,1.0391807927215926
304,0.9911111111111112,1.0683856502242153,0.9673955677222683,0.9750013700254313,1.0335515426449795,1.0416774726841211
305,0.9922222222222222,1.0694288913773795,0.9673829269329702,0.9699048874832462,1.0345472510873308,1.03724430856271
306,0.9922222222222222,1.0694288913773795,0.9673830843214247,0.98274727371209,1.0345474194030913,1.0509783274300626
307,0.9833333333333333,1.0700564971751412,0.967375767428341,0.9560889692134498,1.0351467251464845,1.0230692133843355
308,0.9933333333333333,1.070469798657718,0.9673710985906996,0.9838169825184518,1.0355415451356818,1.053146367192571
309,0.9888888888888889,1.0685393258426967,0.9673934628928439,0.983289638064677,1.0336979586641513,1.0506836469657392
310,0.9933333333333333,1.0659955257270695,0.9674228203425472,0.9791263959191442,1.031268397971418,1.043744357171079
311,0.9911111111111112,1.0683856502242153,0.9673949393610864,0.9892099300855035,1.0335508713129096,1.056857694362651
312,0.9955555555555555,1.0736607142857142,0.9673334038619286,0.9821823594163179,1.0385878733428295,1.0545306135697519
313,0.9944444444444445,1.0737430167597766,0.967332286923776,0.9822204295696241,1.038666287970669,1.054652327169172
314,0.9855555555555555,1.0732807215332583,0.9673376797004333,0.9553157321820464,1.038224882835189,1.0253219583284197
315,0.9933333333333333,1.0760626398210291,0.967305228004754,0.9692584874073171,1.040881017159478,1.0429828466284554
316,0.9955555555555555,1.0814732142857142,0.9672422693114969,0.9817034615278585,1.046046605985313,1.061685998013945
317,0.9888888888888889,1.0820224719101124,0.9672358631566161,0.9724613111252041,1.0465709395728329,1.052224991700642
318,0.9922222222222222,1.083986562150056,0.967212951076522,0.9724681130848566,1.0484458417044493,1.0541423667034056
319,0.9944444444444445,1.0837988826815643,0.9672152970843145,0.9564183933280843,1.0482668582924974,1.0365651860650746
320,0.9866666666666667,1.0855855855855856,0.9671944572732823,0.9566274231407119,1.049972361274149,1.0385009413374395
321,0.9955555555555555,1.0848214285714286,0.9672033685085102,0.9881307412495087,1.0492429399445,1.0719454023376367
322,0.99,1.0864197530864197,0.9671847254579976,0.9749180926486349,1.0507685906210344,1.0591702734948132
323,0.9822222222222222,1.088235294117647,0.9671633902753384,0.9551901556909873,1.0525013364761033,1.0394716400166626
324,0.9844444444444445,1.0936794582392777,0.9670998825308809,0.9676284911174061,1.057697275589643,1.0582754039421745
325,0.9955555555555555,1.0970982142857142,0.9670601570721172,0.9865869071386515,1.060959971430682,1.0823827340594803
326,0.99,1.0976430976430978,0.9670538026470517,0.9839229070347124,1.0614799315250467,1.0799961875195834
327,0.9944444444444445,1.100558659217877,0.9670199475994662,0.9860845022502679,1.0642621769670102,1.0852438376720825
328,0.9944444444444445,1.0927374301675978,0.9671110269394629,0.9847726173756617,1.056798418264575,1.0760978992104997
329,0.9911111111111112,1.0964125560538116,0.9670681568347501,0.9801405550251694,1.0603056697134368,1.0746384112271476
330,0.9911111111111112,1.0997757847533631,0.9670290815887007,0.9404035073118704,1.0635151670835374,1.0342330052387274
331,0.9933333333333333,1.1051454138702461,0.9669665998254722,0.9888811890666648,1.0686387031628262,1.0928575109595804
332,0.9944444444444445,1.1016759776536313,0.9670072279048565,0.977595288698979,1.0653286332002108,1.0769932454270317
333,0.9944444444444445,1.1094972067039106,0.9669159915281114,0.9738213131521334,1.0727905917177816,1.0804520267710263
334,0.9877777777777778,1.1169853768278966,0.9668291199470015,0.94988800704581,1.079933988872185,1.0610110134943638
335,0.9888888888888889,1.1213483146067416,0.9667782238861596,0.9845812171827415,1.0840951319532441,1.1040584884813214
336,0.9911111111111112,1.1266816143497758,0.966716164490508,0.9686307873916788,1.089181328826189,1.0913384992473512
337,0.9866666666666667,1.1204954954954955,0.966788333330844,0.9762755838020483,1.0832819725948084,1.0939123940124302
338,0.9911111111111112,1.1221973094170403,0.9667684749051055,0.9840778672937208,1.084904981367725,1.1043295349338729
339,0.9911111111111112,1.1289237668161436,0.9666901668481079,0.9670566587316293,1.0913195045022923,1.0917332458999447
340,0.9911111111111112,1.1266816143497758,0.9667166371852044,0.9548470837894345,1.0891818614026125,1.0758086538210556
341,0.9911111111111112,1.1244394618834082,0.9667431056238875,0.9658341034783282,1.0870440974672189,1.0860219795838153
342,0.9944444444444445,1.1162011173184359,0.9668385722111643,0.9883586393517495,1.0791862945686628,1.1032070175557518
343,0.9955555555555555,1.1183035714285714,0.9668140448657369,0.9853021435770454,1.0811915992806567,1.101866906098437
344,0.9911111111111112,1.116591928251121,0.9668340185898381,0.973586529645861,1.0795590611160075,1.087098860456589
345,0.9922222222222222,1.1175811870100785,0.9668223195155758,0.9859809766600262,1.0805024354720547,1.1019137902650684
346,0.9933333333333333,1.1129753914988814,0.9668755758194236,0.9704523757983935,1.0761087225283295,1.0800896128852366
347,0.9866666666666667,1.1137387387387387,0.966866677577536,0.9591396952929394,1.0768368740137197,1.0682310345098165
348,0.9855555555555555,1.1138669673055241,0.9668651828334083,0.9115019477185924,1.0769591889959496,1.0152919101983868
349,0.9877777777777778,1.1124859392575928,0.9668814487905688,0.9661877675296625,1.0756420167085181,1.0748703060594333
350,0.9877777777777778,1.1203599550056242,0.9667895966452518,0.9797158078257194,1.0831523489973798,1.0976343583739219
351,0.9966666666666667,1.124860646599777,0.9667370852065809,0.9896062693780904,1.0874445027574582,1.1131691480518318
352,0.9911111111111112,1.1210762331838564,0.9667809222491598,0.9732270819721854,1.0838351146291028,1.091061751089894
353,0.9966666666666667,1.120401337792642,0.9667887906625915,0.9778859815369483,1.0831914544212982,1.0956247619226678
354,0.9933333333333333,1.121923937360179,0.9667710318288957,0.9834930732501372,1.0846435625552375,1.103404421107257
355,0.9944444444444445,1.1173184357541899,0.9668247551513661,0.9467652898233774,1.080251123074152,1.0578383126518183
356,0.9844444444444445,1.108352144469526,0.9669291982777777,0.9229233052736188,1.0716980504613742,1.0229240245809184
357,0.9933333333333333,1.1051454138702461,0.9669664426130676,0.969550712232514,1.0686385294202583,1.0714945231383937
358,0.9933333333333333,1.1085011185682327,0.9669272975712714,0.9899648448232219,1.0718399909319127,1.0973771378297683
359,0.9877777777777778,1.1136107986501687,0.9668676946690681,0.9722164236067918,1.0767143056494684,1.0826707079535702
360,0.9944444444444445,1.1162011173184359,0.9668374748459759,0.9860880266545774,1.0791850696884135,1.1006725571261708
361,0.9888888888888889,1.1089887640449438,0.9669214532790469,0.9585091592386533,1.072305027400471,1.0629758878298323
362,0.9922222222222222,1.1063829787234043,0.9669518492834475,0.9890476833196699,1.069819067292325,1.0942655219706987
363,0.99,1.10662177328844,0.9669490643982951,0.9630690658722794,1.0700468883240393,1.0657531974748233
364,0.9955555555555555,1.1049107142857142,0.9669688656602015,0.9881740741391404,1.06841426004866,1.0918441220957018
365,0.9988888888888889,1.1056729699666297,0.9669599732546624,0.9876638502084096,1.0691415054673354,1.0920332225886087
366,0.9966666666666667,1.1070234113712374,0.9669442204038448,0.9856308493595017,1.0704298894771658,1.0911164252106857
367,0.9922222222222222,1.0963045912653975,0.9670691011382266,0.9378867968321635,1.060202295648739,1.0282096014542979
368,0.9955555555555555,1.0993303571428572,0.9670339617676528,0.9796825086121801,1.0630897905593057,1.0769947220792382
369,0.9933333333333333,1.0950782997762865,0.9670835633136468,0.9497121047447972,1.059032224255101,1.040009116940891
370,0.9911111111111112,1.0964125560538116,0.9670679992698513,0.949715611743936,1.0603054969573034,1.0412801213963783
371,0.9922222222222222,1.0963045912653975,0.9670692585266811,0.9809532375880381,1.0602024681944242,1.0754235381844224
372,0.9866666666666667,1.0934684684684686,0.9671021851415634,0.9358988059475625,1.0574957452392546,1.0233758339809496
373,0.9911111111111112,1.095291479820628,0.9670809193086017,0.9583590461837954,1.0592354912158117,1.0496824978941348
374,0.9877777777777778,1.0933633295838021,0.9671035697066556,0.9707501273844167,1.0573955790268497,1.0613825914709258
375,0.9933333333333333,1.0950782997762865,0.9670837205260514,0.9728957205640106,1.0590323964149937,1.0653969915348618
376,0.99,1.101010101010101,0.967014525803768,0.9690554224978145,1.0646927607334415,1.0669398086087047
377,0.9922222222222222,1.0918253079507279,0.9671213529745326,0.9445886103747472,1.0559275690371437,1.0313257504091584
378,0.9844444444444445,1.0846501128668171,0.9672050532213463,0.9470719291312547,1.049079070141889,1.0272416748252096
379,0.9911111111111112,1.0885650224215246,0.9671593849304985,0.9754524617227802,1.052815877542056,1.0618434308663895
380,0.9866666666666667,1.0889639639639639,0.9671547311886592,0.9478313153913481,1.0531966498417042,1.0321541463777406
381,0.9855555555555555,1.0879368658399098,0.9671667125167597,0.937348283199353,1.0522163219601726,1.0197757534243244
382,1.0,1.0955555555555556,0.9670779949707309,0.9722492715604211,1.0594876700457119,1.0651530908428615
383,0.9911111111111112,1.0975336322869955,0.9670549216662021,0.9789130088404999,1.0613753007973228,1.0743899502857057
384,0.9866666666666667,1.0912162162162162,0.9671286164397618,0.9468557957856478,1.0553464294258212,1.033224398779609
385,0.99,1.101010101010101,0.9670143680620286,0.9753242779145102,1.0646925870581931,1.0738418817442585
386,0.9944444444444445,1.1016759776536313,0.9670064427211148,0.9782955872053818,1.0653277681821445,1.0777647474687224
387,0.9944444444444445,1.100558659217877,0.9670194764892212,0.9735043057051551,1.0642616584825506,1.071398593429696
388,0.9977777777777778,1.1102449888641426,0.9669066398112491,0.955765189060148,1.073503251549906,1.061133511684819
389,0.9855555555555555,1.1037204058624577,0.9669827524643538,0.9272757857101073,1.067278596011953,1.023453206550389
390,0.9933333333333333,1.109619686800895,0.9669144045422443,0.9797803870544755,1.072907258731439,1.0871836062170468
391,0.9922222222222222,1.108622620380739,0.9669258788574613,0.9785431168497447,1.0719559015329077,1.0848350343574997
392,0.9955555555555555,1.1116071428571428,0.9668915308588036,0.9890675881964229,1.0748035320707237,1.0994545958076307
393,0.9911111111111112,1.100896860986547,0.967016002086638,0.9777500335129174,1.06458488122094,1.076401942723862
394,0.9955555555555555,1.1116071428571428,0.9668912190257739,0.9817055503771276,1.0748031854349005,1.0912709019817177
395,0.9877777777777778,1.1124859392575928,0.9668809725959076,0.9771185905262249,1.075641486948653,1.0870306929476223
396,0.9988888888888889,1.110122358175751,0.9669085372818744,0.9852786150800819,1.0733867855476205,1.0937798196328383
397,0.9955555555555555,1.1160714285714286,0.9668392990012968,0.9829168895869894,1.079061717635376,1.0970054571283365
398,0.99,1.10662177328844,0.9669489066565558,0.9830553262549007,1.070046713763596,1.087870428380844
399,0.9944444444444445,1.1039106145251396,0.9669806892583985,0.9716307426844041,1.0674602469131818,1.0725934902482583
400,0.9922222222222222,1.103023516237402,0.9669910381606769,0.9859461862453544,1.0666138550820456,1.0875218291732072
401,0.99,1.1043771043771045,0.9669752489604843,0.9881509894580103,1.0679053254513093,1.091291328425008
402,0.9866666666666667,1.1013513513513513,0.9670105461084469,0.9744023743209705,1.0650183717275463,1.073159371718366
403,0.9977777777777778,1.101336302895323,0.9670107181269864,0.989261572350136,1.0650040091621265,1.089509682688513
404,0.99,1.095398428731762,0.9670798294675016,0.9850496346663485,1.0593377256568817,1.0790218220363144
405,0.9822222222222222,1.1006787330316743,0.9670183937831233,0.9302946095570517,1.064376580487533,1.0239554921934517
406,0.9933333333333333,1.1006711409395973,0.9670184787897245,0.9749502222548563,1.0643693323591599,1.0730995734885667
407,0.9944444444444445,1.0960893854748603,0.9670719256351437,0.985159876201292,1.0599972726794145,1.0798232832999637
408,0.9966666666666667,1.0992196209587515,0.9670354100416113,0.9691199304065805,1.0629842968796308,1.065275642565093
409,0.9866666666666667,1.1047297297297298,0.9669711365731252,0.9445105402776811,1.0682417623628782,1.0434288738878437
410,0.9933333333333333,1.1062639821029083,0.9669532370533975,0.9869790382364255,1.069705538529989,1.0918593610915268
411,0.9922222222222222,1.1041433370660694,0.9669781325900546,0.9863198780633966,1.067682462187899,1.0890385215795173
412,0.9922222222222222,1.1063829787234043,0.9669520066719018,0.9849023663607323,1.0698192414242318,1.0896792138459166
413,0.9911111111111112,1.108744394618834,0.9669244607595056,0.9818144346164475,1.0720720758869404,1.0885812509368458
414,0.9944444444444445,1.1173184357541899,0.9668244410778696,0.9719550828536788,1.0802507721540442,1.0859833327974064
415,0.9966666666666667,1.1192865105908585,0.966801481996678,0.984699043159604,1.0821278572181325,1.1021603560002704
416,0.9944444444444445,1.1128491620111731,0.9668767331870437,0.9673745026778751,1.0759879622953021,1.0765419046560487
417,0.99,1.1122334455667788,0.9668837607345615,0.9667064501009321,1.0754004566643662,1.075203245847389
418,0.9922222222222222,1.1075027995520716,0.9669389437128253,0.9724078439512797,1.0708875871578771,1.0769444094824363
419,0.9933333333333333,1.109619686800895,0.9669142492240058,0.9882833725643128,1.0729070863872638,1.0966186863353449
420,0.9922222222222222,1.110862262038074,0.9668997548355961,0.9811631224213672,1.0740924488207293,1.0899370856013395
421,0.9966666666666667,1.1148272017837235,0.9668535008259102,0.9872908356294858,1.0778745828605465,1.1006586796315339
422,0.9955555555555555,1.1149553571428572,0.9668520063897574,0.9765109884262401,1.07799682408858,1.088766157854703
423,0.9933333333333333,1.116331096196868,0.9668359591404134,0.9723133752070515,1.079309046109768,1.0854236559917645
424,0.9833333333333333,1.1107344632768361,0.9669012499047369,0.9549286236679889,1.07397054085464,1.0606721322775514
425,0.9933333333333333,1.1152125279642058,0.9668490074876789,0.9799890406580779,1.0782421258000177,1.092896055409512
426,0.9911111111111112,1.1210762331838564,0.9667804495544633,0.9866440295654375,1.083834584702313,1.1061031721585621
427,0.9855555555555555,1.120631341600902,0.9667857995432156,0.9485998639185677,1.0834104675828145,1.0630307381454975
428,0.9933333333333333,1.1230425055928412,0.9667578262692257,0.9569267798417801,1.0857101315148798,1.074669448502402
429,0.9888888888888889,1.1292134831460674,0.9666860011885686,0.9685352757792933,1.091594866510687,1.0936830923125729
430,0.9844444444444445,1.1331828442437923,0.9666393840092613,0.9719836986354209,1.0953791665296821,1.1014352521782873
431,0.9933333333333333,1.1375838926174497,0.9665880405423709,0.9677971678432772,1.0995749857176635,1.1009504694592986
432,0.9966666666666667,1.1393534002229655,0.966567553951745,0.9825727844435022,1.1012620291401154,1.1194976429222512
433,0.9944444444444445,1.1318435754189944,0.9666551591292342,0.983519512163213,1.0941024315060495,1.113190241141156
434,0.9877777777777778,1.1271091113610798,0.9667103919451383,0.947429106330701,1.089588090808806,1.0678559781140184
435,0.9888888888888889,1.1337078651685393,0.9666335732224773,0.9864418520992405,1.0958800846982917,1.1183368862563299
436,0.99,1.1313131313131313,0.9666615074394324,0.9784510422971439,1.093596856901176,1.106934512497779
437,0.9944444444444445,1.1418994413407821,0.9665381692897727,0.9694039282573466,1.1036893955465337,1.1069618041106237
438,0.9877777777777778,1.141732283464567,0.9665402836793913,0.944091582750727,1.1035302451457616,1.0778998385736647
439,0.9833333333333333,1.1355932203389831,0.9666117434071699,0.9554026714906477,1.097677742513227,1.0849487964385323
440,0.9922222222222222,1.137737961926092,0.9665867159831243,0.9734378059044757,1.0997224002674741,1.1075171453515649
441,0.9955555555555555,1.140625,0.9665530348799338,0.9881100815466946,1.1024745554099245,1.1270630617641986
442,0.9866666666666667,1.1486486486486487,0.9664594457125435,0.9654231563377846,1.1101223362914352,1.1089320039015094
443,0.9922222222222222,1.1466965285554311,0.9664822123105127,0.9556706953972575,1.1082617977670381,1.09586426885419
444,0.9988888888888889,1.1434927697441601,0.9665195785671983,0.989073095464674,1.105208149907764,1.1309979334123301
445,0.98,1.1394557823129252,0.9665665296521921,0.9336531839405854,1.101359821202328,1.0638565191159732
446,0.9922222222222222,1.1422172452407615,0.966534306758364,0.9715900992454444,1.1039921532962278,1.1097669666633296
447,0.9922222222222222,1.1422172452407615,0.966534306758364,0.9686072741945108,1.1039921532962278,1.106359932450617
448,0.9966666666666667,1.144927536231884,0.966502530415205,0.981837895257641,1.106575360910162,1.1241332423964294
449,0.9877777777777778,1.140607424071991,0.9665529311245948,0.9621355983914254,1.1024574489992567,1.0974190064892073
450,0.9911111111111112,1.1513452914798206,0.9664278269506258,0.9728187161532954,1.1126921281146778,1.1200502483065407
451,0.9933333333333333,1.1599552572706935,0.9663275452342769,0.9653867506949823,1.1208967163399834,1.119805436768117
452,0.9833333333333333,1.151412429378531,0.9664270500034824,0.9701110537309422,1.1127561174616367,1.1169979251433109
453,0.9944444444444445,1.1508379888268156,0.9664337421081728,0.9864147605957367,1.112208664102143,1.1352035792330826
454,0.9822222222222222,1.1402714932126696,0.9665568534096449,0.9360872998806086,1.1021372265123552,1.0673936632122776
455,0.9955555555555555,1.1417410714285714,0.9665395450739913,0.9894099560342244,1.1035378957708628,1.1296499832846112
456,0.9866666666666667,1.1418918918918919,0.9665377899592354,0.9644477651230241,1.1036816655615593,1.101295083147237
457,0.9844444444444445,1.136568848758465,0.9665998855133631,0.9531251602546489,1.0986073190879873,1.0832923661133538
458,0.9855555555555555,1.133032694475761,0.9666412934562729,0.9257243465562639,1.0952361893162956,1.0488759507204568
459,0.9933333333333333,1.1353467561521253,0.9666142944493064,0.9872140432440188,1.0974424036532953,1.1208302616249208
460,0.9844444444444445,1.1331828442437923,0.966639542641191,0.9677301811284001,1.0953793462886634,1.0966152391116408
461,0.99,1.1358024691358024,0.9666091383150541,0.9762844785892051,1.097877045987469,1.1088663213605785
462,1.0,1.1388888888888888,0.966573282819279,0.9765694474438971,1.1008195720997345,1.1122040929222161
463,0.9955555555555555,1.1395089285714286,0.9665663678243922,0.9717705283166581,1.1014110061927505,1.1073411935394062
464,0.9855555555555555,1.1499436302142052,0.9664446574413122,0.9195044296722009,1.1113568777791867,1.0573782618552932
465,0.9944444444444445,1.15195530726257,0.9664211794503113,0.9750568147309583,1.1132740067187386,1.1232218726118637
466,0.9955555555555555,1.1573660714285714,0.966358060280548,0.9765113797921028,1.1184300318202325,1.1301811393352796
467,0.9888888888888889,1.1471910112359551,0.9664766051621586,0.9555134598345617,1.1087332740118696,1.096156452237177
468,0.9855555555555555,1.1375422773393462,0.966589163528255,0.9455697419709801,1.099536038331465,1.0756255576648466
469,0.9822222222222222,1.1300904977375565,0.9666760939591547,0.9659635287537112,1.092431468173298,1.091626205005608
470,0.9933333333333333,1.1297539149888143,0.9666800078228472,0.9725887946891327,1.0921105233792794,1.0987859984742998
471,0.9977777777777778,1.1291759465478841,0.966686745051337,0.9834721264995318,1.0915594203586365,1.1105130693435692
472,0.9922222222222222,1.127659574468085,0.9667041252263581,0.9410412258487788,1.0901131624892975,1.061174148297559
473,0.9944444444444445,1.1284916201117319,0.9666944174703016,0.9659880313163777,1.0909065493240275,1.0901093984687613
474,0.9911111111111112,1.1278026905829597,0.9667022990623646,0.9774209398547106,1.0902494538752678,1.1023379658002679
475,0.9922222222222222,1.1254199328107504,0.9667299363676022,0.9896733156404401,1.0879771400329679,1.1137980763926567
476,0.9911111111111112,1.1210762331838564,0.9667804495544633,0.9400883842482093,1.083834584702313,1.0539107446728804
477,0.9888888888888889,1.1191011235955055,0.9668033324363646,0.9452875412466415,1.0819506956254148,1.0578723495299494
478,0.9955555555555555,1.1205357142857142,0.9667865965593379,0.9842901676093087,1.0833189095374722,1.102932286026502
479,0.9888888888888889,1.1303370786516853,0.9666724204401141,0.9478245912853632,1.0926656797334322,1.0713612795877252
480,0.9777777777777777,1.125,0.9667345225254038,0.9152545085255496,1.0875763378410792,1.0296613220912432
481,0.9922222222222222,1.1243001119820828,0.9667426845497699,0.9804013192632518,1.0869089084971657,1.1022653130350557
482,0.9877777777777778,1.1226096737907763,0.966762404595478,0.9836084563847253,1.0852968276561161,1.1042083683599053
483,0.9944444444444445,1.1229050279329609,0.9667589581638406,0.9881705371039415,1.0855784949214076,1.1096216645692305
484,0.99,1.1200897867564534,0.9667917992834207,0.9684737078321938,1.0828936202972546,1.0847775088849938
485,0.9988888888888889,1.1156840934371524,0.9668431912723517,0.9859477561171252,1.078691569350577,1.1000062284599295
486,0.9944444444444445,1.1173184357541899,0.9668241270043728,0.9727935233229356,1.080250421233936,1.0869201377909894
487,0.9944444444444445,1.1173184357541899,0.9668241270043729,0.985755809978913,1.080250421233936,1.1014031396412436
488,0.9866666666666667,1.1193693693693694,0.9668002036454132,0.9599936392846163,1.082206534260744,1.074587474604627
489,0.9966666666666667,1.129319955406912,0.966684126257685,0.9876820562784804,1.0916956743578985,1.1154090557526206
490,0.9888888888888889,1.1269662921348316,0.9667117414146824,0.9546833213468732,1.0894515467853108,1.0758959228212515
491,0.9888888888888889,1.1280898876404495,0.9666987923421368,0.9467951060846391,1.0905231320353994,1.068069984841548
492,0.9944444444444445,1.1340782122905029,0.9666289345562727,0.9863493525398696,1.0962328140498514,1.1185973104223101
493,0.9933333333333333,1.1342281879194631,0.966627185584167,0.9896910938345761,1.0963758010988203,1.1225355359600226
494,0.9977777777777778,1.1325167037861916,0.9666469918143499,0.9866470872865327,1.0947438648944252,1.117394307093991
495,0.9911111111111112,1.133408071748879,0.9666365959143198,0.9852588240962823,1.0955937202571495,1.1167003039925354
496,0.9911111111111112,1.1423766816143497,0.9665321326500235,0.9776175280030083,1.1041437703703743,1.1168074675281001
497,0.9877777777777778,1.1439820022497187,0.9665134078228451,0.9707737489779651,1.1056739434823772,1.1105476970872783
498,0.9855555555555555,1.1364148816234498,0.9666015225846323,0.9655428828533283,1.0984603548650613,1.0972573009201296
499,0.99,1.138047138047138,0.966582480527647,0.9499417782139551,1.1000164256509921,1.0810785220078007
500,0.9944444444444445,1.140782122905028,0.9665505749108859,0.9890165019902727,1.1026236167419157,1.128252344728568
